SMILES,rotational_entropy,one_dim_trans_entropy,symmetry
CCCCCN,0.11746224331774441,0.05688323499815936,1.0
Cc1ccncc1,0.11619267943497946,0.05715832433680575,1.0
NCCOCCO,0.12187555817578803,0.05766250768937029,1.0
CCNCC,0.11188092354808966,0.056153837896053826,1.0
CCCCN,0.11231428196253362,0.056153837896053826,1.0
c1ccncc1,0.1047621197546522,0.05647966681266969,2.0
NCCCCN,0.11724230973825503,0.056930090898261586,1.0
NCCNCCO,0.1221939170679741,0.05762341603722881,1.0
CCNC,0.10514245897975787,0.05526864777719593,1.0
CCCCO,0.11212859249961453,0.05620939570023065,1.0
NCCCc1ccccc1,0.12904101733946569,0.05870832106533027,1.0
C[n+]1cc[nH]c1,0.1116260352658424,0.056685345843162704,1.0
Cn1ccnc1,0.11114772591975161,0.05663461903835099,1.0
OCCOCCO,0.11594249338709067,0.05770123517310455,2.0
c1cc(-c2ccncc2)ccn1,0.11933345415658113,0.05930792390453868,4.0
NCCCNCCCN,0.12873724492596825,0.0585838911383088,1.0
NCCN,0.0999640095312486,0.0553375575977868,2.0
NCCCCCCCN,0.12913865532021485,0.0585524722161698,1.0
C[NH2+]C,0.09228254531315994,0.05423444142874769,2.0
NCCNCCN,0.1223159259284474,0.05758395330280292,1.0
CN(C)Cc1ccccc1,0.12780773751317837,0.05870832106533027,1.0
Oc1ccccc1O,0.12011699877670845,0.05785471216612558,1.0
OCCNCCO,0.12206465246411373,0.05766250768937029,1.0
CC[N@+]1(C)CCCC[C@H]1C,0.12741908704247845,0.05891979701780648,1.0
CC[N@@+]1(C)CCCC[C@@H]1C,0.12770981891481603,0.05891979701780648,1.0
CC[N@+]1(C)CCCC[C@@H]1C,0.12747311278778722,0.05891979701780648,1.0
CC[N@@+]1(C)CCCC[C@H]1C,0.12747317562016164,0.05891979701780648,1.0
C[N+](C)(C)CC1(c2ccccc2)CCCCC1,0.1409505209978277,0.060959845105097554,1.0
CC(C)[C@]12C=C[C@](C)(CC1)[C@@H]1C[N+](C)(C)C[C@H]12,0.1401957666141701,0.06099575370287066,1.0
CC(C)[C@@]12C=C[C@@](C)(CC1)[C@@H]1C[N+](C)(C)C[C@@H]12,0.13977190044209956,0.06099575370287066,1.0
CC(C)[C@]12C=C[C@](C)(CC1)[C@H]1C[N+](C)(C)C[C@H]12,0.1399606260696809,0.06099575370287066,1.0
CC(C)[C@]12C=C[C@](C)(CC1)[C@H]1C[N+](C)(C)C[C@@H]12,0.1401952493074267,0.06099575370287066,1.0
CC(C)[C@@]12C=C[C@@](C)(CC1)[C@@H]1C[N+](C)(C)C[C@H]12,0.14019522383626815,0.06099575370287066,1.0
CC(C)[C@]12C=C[C@](C)(CC1)[C@@H]1C[N+](C)(C)C[C@@H]12,0.1399911507059578,0.06099575370287066,1.0
CC(C)[C@@]12C=C[C@@](C)(CC1)[C@H]1C[N+](C)(C)C[C@H]12,0.13999103869878646,0.06099575370287066,1.0
CC(C)[C@@]12C=C[C@@](C)(CC1)[C@H]1C[N+](C)(C)C[C@@H]12,0.14019585253578895,0.06099575370287066,1.0
CC[N+]1(C)CC2CCC(CC2)C1,0.1309752573120758,0.05961851673167251,1.0
CC[N@+]1(C)C[C@H]2CC[C@H](CC2)C1,0.13097559053221253,0.05961851673167251,1.0
Cc1ccc(C[n+]2ccn(C)c2C)cc1,0.13832860766940017,0.06036261830942754,1.0
C[N+]1(C)[C@H]2CCC[C@@H]1CCC2,0.12179777329654273,0.05925674538373383,2.0
C1CC[N+]2(CC1)CC[C@@H]1CCCC[C@H]1C2,0.1378693900646857,0.06050624645206155,1.0
C1CC[N+]2(CC1)CC[C@H]1CCCC[C@H]1C2,0.13743663399039735,0.06050624645206155,1.0
C1CC[N+]2(CC1)CC[C@@H]1CCCC[C@@H]1C2,0.13743652966748343,0.06050624645206155,1.0
C1CC[N+]2(CC1)CC[C@H]1CCCC[C@@H]1C2,0.1378694321479348,0.06050624645206155,1.0
Cc1cccc(C[n+]2ccn(C)c2C)c1,0.13812553639340333,0.06036261830942754,1.0
CC[C@@H]1CCCC[N+]12CCCCC2,0.13439699533200963,0.059951310798306144,1.0
CC[C@H]1CCCC[N+]12CCCCC2,0.1338451576223736,0.059951310798306144,1.0
CC(C)N(CCCCCN(C(C)C)C(C)C)C(C)C,0.14948048254470045,0.06159120087854538,1.0
CC1(C)[C@H]2CC[C@]1(C)C[N+](C)(C)C2,0.13219924695499216,0.059951310798306144,1.0
CC1(C)[C@@H]2CC[C@@]1(C)C[N+](C)(C)C2,0.13219932881011195,0.059951310798306144,1.0
CC[N+]1(CC)CCC[C@H](C)C1,0.13081478751834152,0.059310717734076666,1.0
CC[N+]1(CC)CCC[C@@H](C)C1,0.13072000736663905,0.059310717734076666,1.0
C[C@@H](N)CN,0.11148486995502227,0.05620962003650052,1.0
C[C@H](N)CN,0.1118006910419553,0.05620962003650052,1.0
c1ccc(C[N+]23CCN(CC2)CC3)cc1,0.1371819810950934,0.060404046913652636,1.0
CN1CCCC1,0.11352523807831254,0.056785956032507974,1.0
C[N+]1(C)C[C@H]2[C@@H]3C[N+](C)(C)C[C@@H]3[C@H]2C1,0.1303225959394202,0.0602590039110625,2.0
C[N+]1(C)CC2C(C1)C1C[N+](C)(C)CC21,0.13032264980987074,0.0602590039110625,2.0
C[C@H]1CC[N@+]2(CCC[C@@H]3CCCC[C@H]32)CC1,0.1393103411522156,0.060777086052553254,1.0
CC1CC[N+]2(CCC[C@H]3CCCC[C@@H]32)CC1,0.139514044025885,0.060777086052553254,1.0
C[C@H]1CC[N@@+]2(CCC[C@@H]3CCCC[C@H]32)CC1,0.13951392462054493,0.060777086052553254,1.0
C[C@H]1CC[N@@+]2(CCC[C@H]3CCCC[C@H]32)CC1,0.1392275930084947,0.060777086052553254,1.0
CC1CC[N+]2(CCC[C@H]3CCCC[C@H]32)CC1,0.13913583424157117,0.060777086052553254,1.0
CC1CC[N+]2(CCC[C@@H]3CCCC[C@H]32)CC1,0.1395139906214565,0.060777086052553254,1.0
CC1CC[N+]2(CCC[C@@H]3CCCC[C@@H]32)CC1,0.1391357857937059,0.060777086052553254,1.0
C[C@H]1CC[N@@+]2(CCC[C@@H]3CCCC[C@@H]32)CC1,0.1388547581080373,0.060777086052553254,1.0
C[C@H]1CC[N@+]2(CCC[C@@H]3CCCC[C@@H]32)CC1,0.13913559677790802,0.060777086052553254,1.0
CC[N+](C)(C(C)C)C(C)C,0.12826378643109995,0.058978294142115396,1.0
CCN(CC)CCO,0.1247489704840064,0.05811377248240584,1.0
C1OCOCO1,0.1025368073153348,0.05701984833932023,3.0
CC[C@H](C)N,0.11222739467905914,0.056153837896053826,1.0
C1COCCOCCOCCOCCN1,0.14040274627583096,0.06071844595657105,1.0
CC(C)[N+](C)(C)C,0.11949667378991677,0.05754476325660646,1.0
CCCC[N+](C)(C)C1CCCCC1,0.13719943803428067,0.05999702427526767,1.0
C[N+]1(C)CCC2(CC1)OCCO2,0.1310371248147488,0.059714812475838035,1.0
CC[N+]1(C)C(C)(C)CCCC1(C)C,0.13311280412916437,0.05999702427526767,1.0
CC12CC3C[C@@](C)(C1)C[C@](N)(C3)C2,0.12584243672463377,0.05988178402801774,2.0
CC12CC3C[C@@](C)(C1)C[C@]([NH3+])(C3)C2,0.13177969292731026,0.05990508905566472,1.0
C[N@@+]1(Cc2ccccc2)CCC[C@H]1CO,0.13843186572060195,0.06046494227224944,1.0
C[N@@+]1(Cc2ccccc2)CCC[C@@H]1CO,0.13846118274383148,0.06046494227224944,1.0
C[N@+]1(Cc2ccccc2)CCC[C@H]1CO,0.13795473597606245,0.06046494227224944,1.0
C[N@+]1(Cc2ccccc2)CCC[C@@H]1CO,0.13766853072815496,0.06046494227224944,1.0
C[P+](C)(C)C,0.09360557717437336,0.05706737753446073,12.0
CN(C)CCCNCCCN(C)C,0.1412259015431238,0.06006377799938405,1.0
OCCN(CCO)CCN(CCO)CCO,0.14384498911483418,0.061029402521991266,1.0
C[P+](C)(c1ccccc1)c1ccccc1,0.13334597202800255,0.0606414245105614,2.0
CC(C)[C@@H]1CCCC[N+]1(C)C,0.13021289268469277,0.059310717734076666,1.0
CC(C)[C@H]1CCCC[N+]1(C)C,0.13021297604103366,0.059310717734076666,1.0
CC1(C)C[C@H]2C[C@@](C)(C1)C[N+]2(C)C,0.1329128486693691,0.059951310798306144,1.0
CC1(C)C[C@@H]2C[C@](C)(C1)C[N+]2(C)C,0.1329129320787853,0.059951310798306144,1.0
CC[N+](CC)(CC)CC,0.11490754270678723,0.05855311058716418,4.0
O[C@H]1[C@H](O)[C@@H](O)[C@H](O)[C@@H](O)[C@H]1O,0.13212076771853445,0.059901421632480224,1.0
CC[N+]1(CC)C[C@H]2[C@H]3C=C[C@H](C3)[C@H]2C1,0.13488279086780502,0.06017317447886056,1.0
Cc1cn(C)c[n+]1C,0.12146719932907304,0.05789439103263866,1.0
CC[N+]1(CC)CC[C@@H]2CCCC[C@H]2CC1,0.1330706758999443,0.060546274933959886,2.0
CC[N+]1(CC)CC[C@@H]2CCCC[C@@H]2CC1,0.13836658930359977,0.060546274933959886,1.0
CC[N+]1(CC)CC[C@H]2CCCC[C@@H]2CC1,0.1388141214142948,0.060546274933959886,1.0
C[N+]1(C)C[C@@H]2CCC[C@H]1[C@@H]1CC[C@H]2C1,0.13301048533701382,0.06021652461203189,1.0
C[N+]1(C)C[C@H]2CCC[C@@H]1[C@@H]1CC[C@H]2C1,0.1330077539878334,0.06021652461203189,1.0
C[N+]1(C)C[C@@H]2CCC[C@H]1[C@H]1CC[C@@H]2C1,0.13300761678785966,0.06021652461203189,1.0
C[N+]1(C)C[C@H]2CCC[C@@H]1[C@H]1CC[C@@H]2C1,0.13306217464724146,0.06021652461203189,1.0
CCC[N+]12CCC(CC1)CC2,0.12974274565527713,0.05925674538373383,1.0
CCNCCNCC,0.1251146344207352,0.05807871901168971,1.0
Cn1cc[n+](Cc2ccccc2)c1,0.134494503084675,0.05973866186939303,1.0
CN(CCO)CCO,0.12449630487647674,0.0581831445377138,1.0
C[N+]1(C)C[C@H]2CC[C@H](C2)C1,0.12548216123622796,0.05886046500854938,1.0
CCCn1cc[n+](CCC)c1,0.1315418704738054,0.05922895163686054,1.0
CCn1cc[n+](Cc2ccccc2)c1C,0.13807000791130244,0.06036261830942754,1.0
CC[N+]1(CC)CCC[C@H]2CCCC[C@H]21,0.135701152693444,0.06025942736650932,1.0
CC[N+]1(CC)CCC[C@H]2CCCC[C@@H]21,0.13610866673868116,0.06025942736650932,1.0
CC[N+]1(CC)CCC[C@@H]2CCCC[C@H]21,0.13592583058909835,0.06025942736650932,1.0
CC[N+]1(CC)CCC[C@@H]2CCCC[C@@H]21,0.13570128405873333,0.06025942736650932,1.0
c1ccc(CN2CCCC2)cc1,0.12674839010582084,0.05944046950938925,2.0
CN1[C@H]2CC[C@@H]1CC(O)C2,0.12585192603528086,0.05888894173620255,1.0
CC(C)(C)[P+](C)(C(C)(C)C)C(C)(C)C,0.12748518321884023,0.06068180434964301,3.0
CCc1n(C)cc(C)[n+]1C,0.127816508376384,0.058829881241611925,1.0
CC[N+]1(C2CCCCC2)CCCC1,0.13461321682588445,0.059951310798306144,1.0
N[C@]12C[C@H]3C[C@H](C[C@H](C3)C1)C2,0.12635192042930585,0.059174449840990684,1.0
[NH3+]C12CC3CC(CC(C3)C1)C2,0.11742932737615892,0.059202063096120354,3.0
NC12CC3CC(CC(C3)C1)C2,0.12635190967212562,0.059174449840990684,1.0
C[N+](C)(C)[C@H]1[C@@H]2C[C@H]3C[C@@H](C2)C[C@@H]1C3,0.12802414874040277,0.06021652461203189,2.0
C[N+](C)(C)C1C2CC3CC(C2)CC1C3,0.1280240075469034,0.06021652461203189,2.0
CN(C)CCCN(C)C,0.12860968220728697,0.0585524722161698,1.0
CN(C)CCCCCN(C)C,0.1356223201903802,0.05936347310741896,1.0
Cc1cn(C)c(C)[n+]1C,0.12459569283109591,0.058388394648693144,1.0
CC(C)n1cc[n+](CCCCCCCCn2cc[n+](C(C)C)c2)c1,0.15757023034962866,0.06244949267767095,1.0
Cc1c(C)[n+](C)c(C)n1C,0.12745978869236385,0.058829881241611925,1.0
CC(C)CC[N+]1(C)CCCC1,0.13252877733119972,0.059310717734076666,1.0
Cc1cc[n+](C)n1C,0.12170732221120997,0.05789439103263866,1.0
CCCC[N+]1(C2CCCCCCC2)CCCC1,0.14305582332374456,0.061066653588612234,1.0
C[N+]1(C)CCC[C@H]2CCC[C@H]21,0.1286800924481502,0.05925674538373383,1.0
C[N+]1(C)CCC[C@@H]2CCC[C@@H]21,0.1286800176952513,0.05925674538373383,1.0
C[N+]1(C)CCC[C@@H]2CCC[C@H]21,0.1290307502397438,0.05925674538373383,1.0
C[N+]1(C)CCC[C@H]2CCC[C@@H]21,0.12903068056637954,0.05925674538373383,1.0
CCCC[N+](CCCC)(CCCC)CCCC,0.1412229381246602,0.06113636455397046,2.0
NCCNCCNCCNCCN,0.14114261220724325,0.06010739953950864,1.0
CC1(C)C=CC(C)(C)C[N+](C)(C)C1,0.12805852686934036,0.059951310798306144,2.0
C[C@H]1CCCC[C@@H]1N,0.1223085798386691,0.05796984033702058,1.0
C[C@H]1CCCC[C@H]1N,0.12168206220010552,0.05796984033702058,1.0
C[C@@H]1CCCC[C@H]1N,0.12230889669063562,0.05796984033702058,1.0
C[C@@H]1CCCC[C@@H]1N,0.12168228897661673,0.05796984033702058,1.0
CC1(C)CCC[N+](C)(C)C1,0.12726622778057717,0.058919797017806495,1.0
C[N+](C)(CCO)CCO,0.12646206790834638,0.058677119577807635,1.0
C1CCC2(C1)CCC[NH2+]2,0.12349725673611134,0.05842239108330228,1.0
C[C@@H]([C@H](O)c1ccccc1)N(C)C,0.13489450938076944,0.059880763763149415,1.0
C[N+]1(C)CCC[C@@H]2CC[C@@H]1C2,0.12854670599826226,0.05925674538373383,1.0
C[N+]1(C)CCC[C@H]2CC[C@H]1C2,0.12854672756671723,0.05925674538373383,1.0
C[N+]1(C)CCC[C@H]2CC[C@@H]1C2,0.1280840099793416,0.05925674538373383,1.0
C[N+]1(C)CCC[C@@H]2CC[C@H]1C2,0.12808403995171228,0.05925674538373383,1.0
C[N+]1(C)CCC2(CC1)OCCCO2,0.13322976659788552,0.06004027704835579,1.0
CC(C)CNCCCCCCCCCNCC(C)C,0.1551520563284906,0.06159120087854538,1.0
C[N+](CCO)(CCO)CCO,0.13178009855846431,0.059516521429691334,1.0
C[C@H]1CC[N+](C)(C)[C@H]2C[C@@H]1C2(C)C,0.13305054466203659,0.059951310798306144,1.0
C[C@H]1CC[N+](C)(C)[C@@H]2C[C@@H]1C2(C)C,0.13292227116706037,0.059951310798306144,1.0
C[C@@H]1CC[N+](C)(C)[C@@H]2C[C@H]1C2(C)C,0.13292229951772744,0.059951310798306144,1.0
C[C@H]1CC[N+](C)(C)[C@@H]2C[C@H]1C2(C)C,0.13286913695211053,0.059951310798306144,1.0
C[C@@H]1CC[N+](C)(C)[C@H]2C[C@H]1C2(C)C,0.13292215776290317,0.059951310798306144,1.0
C[C@@H]1CC[N+](C)(C)[C@H]2C[C@@H]1C2(C)C,0.1328691065416374,0.059951310798306144,1.0
CC(C)n1cc[n+](C(C)C)c1,0.1253214995924754,0.05922895163686054,2.0
CCOC(C[N+](C)(C)C)OCC,0.1351670199509202,0.05981100391664057,1.0
CC(C)(C)NCCCCCNC(C)(C)C,0.1387692438659294,0.06062480608052234,2.0
C[NH+](C)C,0.09692850049328808,0.055338940805751656,3.0
CN(C)C,0.09611998091890295,0.05526864777719593,3.0
CCC(N)N,0.11159088443665266,0.05620962003650052,1.0
CN(C)c1cccc2cccc(N(C)C)c12,0.13236597895041494,0.0606231575745095,2.0
CC1(C)[C@@H]2CCC[N+](C)(C)[C@@H]1C2,0.13054112457313075,0.05961851673167251,1.0
CC1(C)[C@H]2CCC[N+](C)(C)[C@H]1C2,0.13054097585174357,0.05961851673167251,1.0
CC1(C)[C@H]2CCC[N+](C)(C)[C@@H]1C2,0.13052507152008583,0.05961851673167251,1.0
CC1(C)[C@@H]2C[C@H]1CCC[N+]2(C)C,0.13052498158734388,0.05961851673167251,1.0
CC(C)[N+](C)(C)C(C)C,0.12007578236395074,0.05855311058716418,2.0
CC[N+]1(CC)[C@@H](C)CC[C@H]2CCCC[C@H]21,0.1371999980241071,0.060546274933959886,1.0
CC[N+]1(CC)[C@H](C)CC[C@@H]2CCCC[C@H]21,0.13747636048045328,0.060546274933959886,1.0
CC[N+]1(CC)[C@@H](C)CC[C@@H]2CCCC[C@@H]21,0.13730740864379234,0.060546274933959886,1.0
CC[N+]1(CC)[C@H]2CCCC[C@@H]2CC[C@H]1C,0.13752766449042678,0.060546274933959886,1.0
CC[N+]1(CC)[C@@H](C)CC[C@@H]2CCCC[C@H]21,0.13752767762542267,0.060546274933959886,1.0
CC[N+]1(CC)[C@H](C)CC[C@H]2CCCC[C@H]21,0.13717956074301066,0.060546274933959886,1.0
CC[N+]1(CC)[C@@H](C)CC[C@H]2CCCC[C@@H]21,0.1374762959376388,0.060546274933959886,1.0
CC[N+]1(CC)C(C)CC[C@@H]2CCCCC21,0.13747629810554118,0.060546274933959886,1.0
CC[N+]1(CC)[C@H]2CCCC[C@H]2CC[C@H]1C,0.13720375609401064,0.060546274933959886,1.0
C1CNCCN1,0.10759719055021566,0.0568339149119872,2.0
C[N+]1(C)CCC2(CC1)OC[C@@H](c1ccccc1)O2,0.14236185383078245,0.06123589208303377,1.0
C[N+]1(C)C[C@@H]2C[C@H](C1)[N+](C)(C)C2,0.1307304485461533,0.05966752932566797,1.0
C[N+]1(C)C[C@@H]2C[C@H](C1)C[N+]2(C)C,0.1307302804870624,0.05966752932566797,1.0
CC[N+]1([C@@H]2CC(C)(C)C[C@H]2C)CCCC1,0.1380054758167119,0.060546274933959886,1.0
CC[N+]1([C@H]2CC(C)(C)C[C@H]2C)CCCC1,0.13790775572609565,0.060546274933959886,1.0
CC[N+]1([C@@H]2CC(C)(C)C[C@@H]2C)CCCC1,0.13790774519089416,0.060546274933959886,1.0
CC[N+]1([C@H]2CC(C)(C)C[C@@H]2C)CCCC1,0.1379337793880378,0.060546274933959886,1.0
CN(C1CCCCC1)C1CCCCC1,0.13170919941704803,0.06023803133374004,2.0
CC[N@+]1(C)CCCC(C)(C)C1,0.1302426045379964,0.059310717734076666,1.0
CC[N@@+]1(C)CCCC(C)(C)C1,0.12988818675074082,0.059310717734076666,1.0
C[N+]1(C)C[C@H]2CCC[C@@H]1CCC2,0.13006885302940532,0.05961851673167251,1.0
C[N+]1(C)CC2CCCC1CCC2,0.13006885166343235,0.05961851673167251,1.0
C1CC[N+]2(CC1)CC[N+]1(CCCCC1)CC2,0.13944125612973815,0.06081423069062555,1.0
CC[N+]1(CC)CCC[C@@H]2CCCC[C@H]2C1,0.13869077577401076,0.060546274933959886,1.0
CC[N+]1(CC)CCC[C@H]2CCCC[C@H]2C1,0.1381575334062705,0.060546274933959886,1.0
CC[N+]1(CC)CCC[C@@H]2CCCC[C@@H]2C1,0.13822396694224512,0.060546274933959886,1.0
CC[N+]1(CC)CCC[C@H]2CCCC[C@@H]2C1,0.13831248820002334,0.060546274933959886,1.0
C[N+](C)(C)C1CCCCC1,0.12822815899063553,0.05891979701780648,1.0
CC1(C)[C@H]2CC[C@]1(C)[C@H]([N+](C)(C)C)C2,0.1345851551362625,0.06025942736650932,1.0
CC1(C)[C@@H]2CC[C@@]1(C)[C@@H]([N+](C)(C)C)C2,0.13458510361435225,0.06025942736650932,1.0
C[C@H]1C[C@@H](C)C[N+](C)(C)C1,0.12850599886046948,0.058919797017806495,1.0
C[C@@H]1C[C@@H](C)C[N+](C)(C)C1,0.12787299027853297,0.058919797017806495,1.0
Cc1n(C)cc[n+]1Cc1ccccc1,0.13577909376774314,0.06006233527533547,1.0
C[N+]1(C)C[C@@H]2[C@H](C1)[C@H]1C=C[C@@H]2[C@H]2[C@H]3C[N+](C)(C)C[C@H]3[C@H]12,0.14455092262601685,0.06165142170205584,1.0
C[N+]1(C)C[C@@H]2[C@@H](C1)[C@H]1[C@@H]2[C@@H]2C=C[C@H]1[C@@H]1C[N+](C)(C)C[C@H]21,0.14414676798659842,0.06165142170205584,1.0
C[N+]1(C)C[C@@H]2[C@H](C1)[C@H]1C=C[C@@H]2[C@@H]2[C@H]1[C@@H]1C[N+](C)(C)C[C@@H]12,0.14351029607947602,0.06165142170205584,1.0
C[N+]1(C)C[C@H]2[C@H]3[C@@H]4C=C[C@@H]([C@H]5C[N+](C)(C)C[C@H]45)[C@H]3[C@H]2C1,0.14391531615510866,0.06165142170205584,1.0
C1CC23CCC[N+]2(C1)CCC3,0.11770984472003959,0.059202063096120354,3.0
C[C@H]1CCC[N@@+]12CCCC(C)(C)C2,0.13369129787648448,0.059951310798306144,1.0
C[C@@H]1CCC[N@+]12CCCC(C)(C)C2,0.13369112670953986,0.059951310798306144,1.0
C[C@H]1CCC[N@+]12CCCC(C)(C)C2,0.13368113799514725,0.059951310798306144,1.0
C[C@@H]1CCC[N@@+]12CCCC(C)(C)C2,0.13368105870590458,0.059951310798306144,1.0
CC1CCC[N@@+]12CCCC(C)(C)C2,0.13369117834711436,0.059951310798306144,1.0
CC[N+]1(C)C2CCCC1CCC2,0.13033718955505716,0.05961851673167251,1.0
CC[N@+]1(C)[C@H]2CCC[C@@H]1CCC2,0.13033727756234073,0.05961851673167251,1.0
C1CC[N+]2(CC1)CCCCC2,0.12333682174554211,0.05925674538373383,2.0
CC(C)CNCCCNCC(C)C,0.13480092222261503,0.060041794375726654,2.0
C1CCC[N+]2(CC1)CCCCC2,0.13178859536288326,0.05961851673167251,1.0
CC[N+]1(C2CCCCCCC2)CCCC1,0.13832443892502205,0.060546274933959886,1.0
C1CN(N2CCNCC2)CCN1,0.126869269281958,0.05966655276200363,2.0
CCCCCCCC[N+](C)(C)C,0.13834391503417895,0.05971693582677686,1.0
CC[N+]1(CC)C[C@H](C)C[C@@H](C)C1,0.12776564952648406,0.059668017521487926,2.0
CC[N+]1(CC)C[C@@H](C)C[C@@H](C)C1,0.13341758932802084,0.059668017521487926,1.0
CC[N+]1(CC)C[C@@H](C)C[C@H](C)C1,0.12776573362132296,0.059668017521487926,2.0
CC(C)C[N+]1(C)CCCC1,0.12860774976989592,0.058919797017806495,1.0
Cn1cc[n+](C)c1,0.11111927092853481,0.05733366764163126,2.0
CC[C@H](N)CCCN,0.12546510518745654,0.05807871901168971,1.0
CC[C@@H](N)CCCN,0.12546531744480277,0.05807871901168971,1.0
C[C@@H]1CCC[N+]12CCC1(CC2)OCCO1,0.13706924053393335,0.06058419892657829,1.0
C[C@H]1CCC[N+]12CCC1(CC2)OCCO1,0.13706915150266347,0.06058419892657829,1.0
CCCC[N+]1(C)CCCCCC1,0.12903546763374316,0.059668017521487926,2.0
C[C@@H]1CNC[C@H](C)C1,0.12267964706194762,0.05796984033702058,1.0
C[C@@H]1C[NH2+]C[C@@H](C)C1,0.12221984536606377,0.058006693652484315,1.0
C[C@@H]1C[NH2+]C[C@H](C)C1,0.12291254715857546,0.058006693652484315,1.0
C[C@H]1CNC[C@H](C)C1,0.12200581575938421,0.05796984033702058,1.0
CCC[C@@H](C)N,0.11782089740734941,0.05688323499815936,1.0
CCC[C@H](C)N,0.11778083973278965,0.05688323499815936,1.0
CC[N+]1(CC)CCCC(C)(C)C1,0.132523364963135,0.059668017521487926,1.0
C1CN2CCN1CC2,0.10340540629627622,0.05793191626550415,6.0
NCCN1CCNCC1,0.12590535051850477,0.058519527231565366,1.0
C[C@H]1C[C@@H](C)C[N+]2(CCC[C@H]2C)C1,0.13460914417936914,0.059951310798306144,1.0
C[C@H]1C[C@@H](C)C[N+]2(CCC[C@@H]2C)C1,0.13460913146965955,0.059951310798306144,1.0
C[C@@H]1C[C@@H](C)C[N+]2(CCC[C@H]2C)C1,0.13405546044864014,0.059951310798306144,1.0
C[C@H]1C[C@@H](C)C[N@@+]2(CCC[C@@H]2C)C1,0.13433366558338602,0.059951310798306144,1.0
C[C@H]1C[C@@H](C)C[N@+]2(CCC[C@@H]2C)C1,0.13460915371762952,0.059951310798306144,1.0
C[C@H]1C[C@H](C)C[N+]2(CCC[C@H]2C)C1,0.13409618733441575,0.059951310798306144,1.0
C[C@H]1C[C@H](C)C[N+]2(CCC[C@@H]2C)C1,0.13405548179605686,0.059951310798306144,1.0
C[C@H]1CCC[N+]12C[C@H](C)C[C@@H](C)C2,0.13409611303804778,0.059951310798306144,1.0
C[C@H]1C[C@@H](C)C[N@@+]2(CCC[C@H]2C)C1,0.1342528242375838,0.059951310798306144,1.0
C[C@H]1C[C@@H](C)C[N@+]2(CCC[C@H]2C)C1,0.13447768187319964,0.059951310798306144,1.0
CCCCn1cc[n+](C)c1,0.12949036393125468,0.058829881241611925,1.0
C[N+]1(C)C[C@]23CCCC[C@@]2(C1)[C@@H]1C=C[C@H]3C1,0.13606505046179682,0.06070102459055798,1.0
C[N+]1(C)C[C@]23CCCC[C@@]2(C1)[C@H]1C=C[C@@H]3C1,0.13623107168840248,0.06070102459055798,1.0
CC[n+]1ccn(C)c1C,0.12458734124493383,0.058388394648693144,1.0
C1CC[N+]2(CC1)CCC[C@@H]1CCCC[C@@H]12,0.13687476673641683,0.06050624645206155,1.0
C1CC[N+]2(CC1)CCC[C@H]1CCCC[C@@H]12,0.1373675274570801,0.06050624645206155,1.0
C1CC[N+]2(CC1)CCC[C@@H]1CCCC[C@H]12,0.1373675489073977,0.06050624645206155,1.0
C1CC[N+]2(CC1)CCC[C@H]1CCCC[C@H]12,0.13708066742590963,0.06050624645206155,1.0
c1c[n+](C2CCCC2)cn1C1CCCC1,0.1389045587893458,0.06044506673432998,1.0
N[C@@H]1CCCN1,0.11307814590049246,0.0568339149119872,1.0
N[C@H]1CCCN1,0.1130778549828384,0.0568339149119872,1.0
CCCCCNCCCCC,0.13464887477890375,0.059337443397094285,1.0
N[C@@H]1C[C@H]2CC[C@@H]1C2,0.11940373855712177,0.0578951388841041,1.0
CC(C)[N+]1(C)C[C@@H](C)C[C@@H](C)C1,0.13296443502731553,0.059668017521487926,1.0
CC(C)[N@+]1(C)C[C@@H](C)C[C@@H](C)C1,0.13313532695291228,0.059668017521487926,1.0
CC(C)[N+]1(C)C[C@H](C)C[C@@H](C)C1,0.1329514737361563,0.059668017521487926,1.0
CC(C)[N+]1(C)C[C@@H](C)C[C@H](C)C1,0.13295157989914416,0.059668017521487926,1.0
CC(C)[N@@+]1(C)C[C@@H](C)C[C@@H](C)C1,0.13331200767885748,0.059668017521487926,1.0
CC[N@@+]12CCCC[C@H]1C[C@@H]1C[C@H]2C[C@@H]2CCCCN21,0.14246090486639146,0.06148132200094667,1.0
CC[N+]12CCCCC1C[C@@H]1C[C@H]2CC2CCCCN21,0.14270304042556933,0.06148132200094667,1.0
CC[N@+]12CCCC[C@H]1C[C@@H]1C[C@H]2C[C@H]2CCCCN21,0.14270693427467016,0.06148132200094667,1.0
CC[N@+]12CCCC[C@H]1C[C@@H]1C[C@H]2C[C@@H]2CCCCN21,0.1421928128348135,0.06148132200094667,1.0
CC[N@@+]12CCCC[C@@H]1C[C@@H]1C[C@H]2C[C@@H]2CCCCN21,0.14270310689056206,0.06148132200094667,1.0
CC[N@+]12CCCC[C@@H]1C[C@@H]1C[C@H]2C[C@H]2CCCCN21,0.14268437878671653,0.06148132200094667,1.0
CC[N@@+]12CCCC[C@@H]1C[C@@H]1C[C@H]2C[C@H]2CCCCN21,0.14258662122603946,0.06148132200094667,1.0
CCN(C(C)C)C(C)C,0.12667857837794666,0.058520814031238245,1.0
CCC[N+]1(C2CCCCCCC2)CCCC1,0.14072989915181855,0.060814601207065035,1.0
CC1(C)C[C@@H]2C[C@](C)(C1)C[N+]21CCCCC1,0.13853268690952109,0.060777086052553254,1.0
CC1(C)C[C@H]2C[C@@](C)(C1)C[N+]21CCCCC1,0.13844109150509684,0.060777086052553254,1.0
CCC[N@+]1(C)CC[C@H]([N+]2(C)CCCC2)CC1,0.1413108988849086,0.06085141363018059,1.0
CCC[N+]1(C)CCC([N+]2(C)CCCC2)CC1,0.14135544683537363,0.06085141363018059,1.0
CC1(C)C[C@H]2C[C@@](C)(C1)C[N+]21CCCC1,0.13655729161552502,0.06050624645206155,1.0
CC1(C)C[C@@H]2C[C@](C)(C1)C[N+]21CCCC1,0.1365090873564151,0.06050624645206155,1.0
CC(C)N,0.10598983855017251,0.05526864777719593,1.0
CCCCCCCCCCCC(N)N,0.14263222021801494,0.06034351208640688,1.0
C[N+]12CCN(CC1)CC2,0.1131652351349403,0.05845480477309834,3.0
C[C@@H]1CNCCN1,0.11820167396272488,0.05746110879943329,1.0
C[C@H]1CNCCN1,0.11820178629223134,0.05746110879943329,1.0
c1ccc2c(c1)C[N+]1(CCCCC1)C2,0.13502218830163193,0.06008509406037898,1.0
C[C@H]1C[N@@+]2(C)CCN1C[C@@H]2C,0.12818824017144015,0.05928328368012121,1.0
C[C@@H]1C[N@@+]2(C)CCN1C[C@H]2C,0.1281201195156108,0.05928328368012121,1.0
C[C@H]1C[N@@+]2(C)CCN1C[C@H]2C,0.12819497950091216,0.05928328368012121,1.0
C[C@@H]1C[N@+]2(C)CCN1C[C@H]2C,0.1281883891639797,0.05928328368012121,1.0
C[C@H]1C[N@+]2(C)CCN1C[C@H]2C,0.12819099172821138,0.05928328368012121,1.0
C[C@H]1C[N@+]2(C)CCN1C[C@@H]2C,0.1281200962878738,0.05928328368012121,1.0
C[C@H]1CN2CC[N@+]1(C)C[C@H]2C,0.12819102649729439,0.05928328368012121,1.0
C[C@H]1CN2CC[N@@+]1(C)C[C@H]2C,0.12819501714266718,0.05928328368012121,1.0
CCCCNCCCC,0.12894838431562736,0.058520814031238245,1.0
c1cc[nH+]cc1,0.10514430551791203,0.056532307886755416,2.0
C[C@@H](O)[C@@H](C)[N+]12CCN(CC1)CC2,0.13366606423837354,0.06001825821262222,1.0
C[C@H](O)[C@H](C)[N+]12CCN(CC1)CC2,0.1336659277856543,0.06001825821262222,1.0
C[C@@H]([C@@H](C)O)[N+]12CCN(CC1)CC2,0.13354299285897278,0.06001825821262222,1.0
C[C@H](O)[C@@H](C)[N+]12CCN(CC1)CC2,0.13354297814764715,0.06001825821262222,1.0
Cc1ccc(Cn2cc[n+](C)c2)cc1,0.13714851512688206,0.06006233527533547,1.0
CC(C)C[N+]1(C)C[C@H]2CCCCCC[C@H]2C1,0.1408331037076917,0.060814601207065035,1.0
C[N+]1(C2CCCCCCC2)CCCC1,0.13679156909472795,0.06025942736650932,1.0
Cc1n(C)cc[n+]1C,0.12088076609669383,0.05789439103263866,1.0
CC1(C)CCC[N+]2(CCCC2)C1,0.1316049488399591,0.05961851673167251,1.0
CC(C)NCCN,0.12171918512763548,0.05754394963671561,1.0
CC(C)CN,0.11233984093305723,0.056153837896053826,1.0
CC(C)NCCCN,0.12614412623528787,0.05807871901168971,1.0
C[C@@H]1CCCC[N+]12Cc1ccccc1C2,0.13687891017457862,0.060383795192406164,1.0
C[C@H]1CCCC[N+]12Cc1ccccc1C2,0.1366072806521857,0.060383795192406164,1.0
CC[N+]1(CC)CCCC[C@@H]2CCCC[C@@H]21,0.1374458241635983,0.060546274933959886,1.0
CC[N+]1(CC)CCCC[C@H]2CCCC[C@@H]21,0.1376867325417106,0.060546274933959886,1.0
CC[N+]1(CC)CCCC[C@@H]2CCCC[C@H]21,0.13750501874145676,0.060546274933959886,1.0
CC[N+]1(CC)CCCC[C@H]2CCCC[C@H]21,0.13749131620393054,0.060546274933959886,1.0
C[N+](C)(C)[C@]12CCC[C@@H]1CCC2,0.1304085468202611,0.05961851673167251,1.0
C[N+](C)(C)C12CCCC1CCC2,0.13063111162506405,0.05961851673167251,1.0
C[N+](C)(C)C12CC3CC(CC(C3)C1)C2,0.12464697283534873,0.06021652461203189,3.0
C[N+](C)(C)[C@]12C[C@H]3C[C@H](C[C@H](C3)C1)C2,0.12464699803998287,0.06021652461203189,3.0
C[C@@H]([C@@H](O)c1ccccc1)N(C)Cc1ccccc1,0.1452437897148691,0.061351692993563835,1.0
C[C@@H]([C@H](O)c1ccccc1)N(C)Cc1ccccc1,0.14556312947123087,0.061351692993563835,1.0
c1ccc(CC[NH+]2CCCC2)cc1,0.13522646978232994,0.059811074665383344,1.0
C[n+]1ccn(Cc2ccc3ccccc3c2)c1,0.14174819858624285,0.060793931586746154,1.0
CCCCCC[N+]12CCC(CC1)CC2,0.13934285706886446,0.06025942736650932,1.0
CC1(C)[C@H]2CC=C(C[N+](C)(C)C)[C@@H]1C2,0.13637224112257226,0.06021652461203189,1.0
C[P+](C)(C)CCC[P+](C)(C)C,0.13771382060571646,0.060214310534449894,1.0
CN[C@@H](C)[C@@H](O)c1ccccc1,0.13298887392698805,0.05954203567410335,1.0
CN[C@@H](C)[C@H](O)c1ccccc1,0.1327302898019261,0.05954203567410335,1.0
CN(C)CCN(C)C,0.12530603919798053,0.05807871901168971,1.0
CN(C)C(=N)N(C)C,0.12234629928866461,0.058041779653554566,1.0
c1ccc(C[C@@H]2CN3CCN2CC3)cc1,0.1377457783789072,0.060383384218064336,1.0
c1ccc(C[C@H]2CN3CCN2CC3)cc1,0.13774588083497707,0.060383384218064336,1.0
CCCC[n+]1ccc(C)c(C)c1,0.1347584917905432,0.05951771102887692,1.0
C1C[C@H]2CC[C@@H]1CNC2,0.12222567347886423,0.05838905871666309,1.0
C1CC2CCC1CNC2,0.12222593977952004,0.05838905871666309,1.0
C[N+](C)(C)C12CCC(CC1)C2,0.12835082307861317,0.05925674538373383,1.0
CC[N+]1(CC)CC[C@@H](C)[C@@H]2C[C@H]1C2(C)C,0.1369766474336562,0.060546274933959886,1.0
CC[N+]1(CC)CC[C@H](C)[C@@H]2C[C@H]1C2(C)C,0.13718544036507807,0.060546274933959886,1.0
CC[N+]1(CC)CC[C@@H](C)[C@H]2C[C@@H]1C2(C)C,0.13721584339671947,0.060546274933959886,1.0
CC[N+]1(CC)CC[C@H](C)[C@H]2C[C@@H]1C2(C)C,0.13697669575992077,0.060546274933959886,1.0
C[C@@H]1CCC[C@H]([N+]2(C)CCCC2)C1,0.13509113059832364,0.059951310798306144,1.0
C[C@H]1CCC[C@@H]([N+]2(C)CCCC2)C1,0.13494087963462106,0.059951310798306144,1.0
C[C@H]1CCC[C@H]([N+]2(C)CCCC2)C1,0.1344574112011149,0.059951310798306144,1.0
C[C@@H]1CCC[C@@H]([N+]2(C)CCCC2)C1,0.13466770985983176,0.059951310798306144,1.0
C[N+](C)(Cc1ccccc1)Cc1ccccc1,0.14221366319508388,0.060850219949551025,1.0
c1ccc2c(c1)C[N+]1(CC[C@H]3CCCC[C@H]3C1)C2,0.13621391789018283,0.06113490695026,2.0
NCC1CCNCC1,0.1227127138699354,0.05800596560367421,1.0
C[C@H]1CCC[C@@H](C)[N+]12Cc1ccccc1C2,0.1383844438137996,0.060662465550146254,1.0
C[C@@H]1CCC[C@@H](C)[N+]12Cc1ccccc1C2,0.13823600055552712,0.060662465550146254,1.0
C[C@H]1CCC[C@H](C)[N+]12Cc1ccccc1C2,0.1382359163241549,0.060662465550146254,1.0
Cc1cn(C)[n+](C)c1,0.12226219071047789,0.05789439103263866,1.0
C[N+]1(C)CCC[C@H]2CCCC[C@H]21,0.13125152221698932,0.05961851673167251,1.0
C[N+]1(C)CCC[C@H]2CCCC[C@@H]21,0.13164293843095198,0.05961851673167251,1.0
C[N+]1(C)CCC[C@@H]2CCCC[C@@H]21,0.13125149747844847,0.05961851673167251,1.0
C[N+]1(C)CCC[C@@H]2CCCC[C@H]21,0.13164297058817173,0.05961851673167251,1.0
C[C@H](O)CNC[C@@H](C)O,0.12851478603239727,0.058645775778841364,1.0
C[C@@H](O)CNC[C@@H](C)O,0.12848181293317437,0.058645775778841364,1.0
C[C@H](O)CNC[C@H](C)O,0.1286798257609478,0.058645775778841364,1.0
CC1(C)[C@H]2CC[C@](C)(C2)C[N+]1(C)C,0.1321978519236851,0.059951310798306144,1.0
CC1(C)[C@@H]2CC[C@@](C)(C2)C[N+]1(C)C,0.1323642529913465,0.059951310798306144,1.0
CC[N@+]1(C)C[C@H]2CCCCCC[C@H]2C1,0.13661298945713576,0.06025942736650932,1.0
CC[N+]1(C)C[C@H]2CCCCCC[C@@H]2C1,0.13689738493952036,0.06025942736650932,1.0
CC[N+]1(C)C[C@H]2CCCCCC[C@H]2C1,0.13661421538345964,0.06025942736650932,1.0
CC[N+]1(C)C[C@@H]2CCCCCC[C@H]2C1,0.13681226064432678,0.06025942736650932,1.0
CC[N@@+]1(C)C[C@H]2CCCCCC[C@H]2C1,0.13661423743779275,0.06025942736650932,1.0
CC(C)(O)CN,0.11550611541028086,0.05697623802053118,1.0
Cc1ccccc1C[n+]1ccn(C)c1,0.13604499525093752,0.06006233527533547,1.0
C[N@@H+]1C=CN=C1,0.11145001079347461,0.056685345843162704,1.0
C[C@H](O)N(C)C,0.11559370695612554,0.05697623802053118,1.0
C[C@@H](O)N(C)C,0.11559350128871593,0.05697623802053118,1.0
C[C@@H]1C[C@H]2C[N+](C)(C)C[C@]1(C)CC2(C)C,0.13629727218951326,0.060546274933959886,1.0
C[C@H]1C[C@H]2C[N+](C)(C)C[C@]1(C)CC2(C)C,0.13631097761336183,0.060546274933959886,1.0
C[C@H]1C[C@@H]2C[N+](C)(C)C[C@@]1(C)CC2(C)C,0.13629721400566566,0.060546274933959886,1.0
C[C@@H]1C[C@@H]2C[N+](C)(C)C[C@@]1(C)CC2(C)C,0.13630749328728353,0.060546274933959886,1.0
C[N+]12CCCc3cccc(c31)CCC2,0.13386504973131327,0.06008509406037898,1.0
C[N+]12CCC(CC1)CC2,0.11324035734557174,0.05842239108330228,3.0
Cn1cc[n+](CCCCCCCCCCn2cc[n+](C)c2)c1,0.1489439258501123,0.06208309028692225,2.0
CN1C[C@@H]2C[C@H](C1)C[N+](C)(C)C2,0.13064914493227262,0.059642849700358824,1.0
CN1C[C@H]2C[C@H](C1)C[N+](C)(C)C2,0.13160137392411064,0.059642849700358824,1.0
CN1C[C@@H]2C[C@@H](C1)C[N+](C)(C)C2,0.13160134001220472,0.059642849700358824,1.0
CN(C)CC(C)(C)CN(C)C,0.13254509511519588,0.05936347310741896,1.0
C[C@@H]1C[C@H]2CC[C@]1(C)CC[N+]2(C)C,0.13240920737097622,0.059951310798306144,1.0
C[C@H]1C[C@H]2CC[C@]1(C)CC[N+]2(C)C,0.13247575411025989,0.059951310798306144,1.0
C[C@H]1C[C@@H]2CC[C@@]1(C)CC[N+]2(C)C,0.13240937368687072,0.059951310798306144,1.0
C[C@@H]1C[C@@H]2CC[C@@]1(C)CC[N+]2(C)C,0.13247584816415198,0.059951310798306144,1.0
CCCCC[N+](C)(C)CCCN(C)C,0.14175712351998745,0.06036437341313627,1.0
C[C@H]1CCC[C@@H](C)[N+]12CCC[C@H]2C,0.13299195544331416,0.059951310798306144,1.0
C[C@H]1CCC[C@@H](C)[N+]12CCC[C@@H]2C,0.13299203744514368,0.059951310798306144,1.0
C[C@@H]1CCC[C@@H](C)[N+]12CCC[C@H]2C,0.13282091496140816,0.059951310798306144,1.0
C[C@H]1CCC[C@@H](C)[N@@+]12CCC[C@@H]2C,0.13299204726432864,0.059951310798306144,1.0
C[C@H]1CCC[C@@H](C)[N@+]12CCC[C@@H]2C,0.13266564452002172,0.059951310798306144,1.0
C[C@H]1CCC[C@H](C)[N+]12CCC[C@H]2C,0.1328627706570947,0.059951310798306144,1.0
C[C@H]1CCC[C@H](C)[N+]12CCC[C@@H]2C,0.1328208858321308,0.059951310798306144,1.0
C[C@H]1CCC[N+]12[C@H](C)CCC[C@H]2C,0.13286274891990496,0.059951310798306144,1.0
C[C@H]1CCC[C@@H](C)[N@@+]12CCC[C@H]2C,0.1329861162440572,0.059951310798306144,1.0
CC(C)(C)n1cc[n+](C(C)(C)C)c1,0.12914308406488365,0.05992780559600349,2.0
NCCCCCCN,0.1256696363103981,0.05807871901168971,1.0
C1COCCOCCOCCOCCOCCN1,0.14687029981915545,0.06147950690201564,1.0
NC1CCCC1,0.11404865020736996,0.056785956032507974,1.0
CC(C)CNCC(C)C,0.12913361149640576,0.058520814031238245,1.0
CCn1cc[n+](C)c1,0.12150096096074493,0.05789439103263866,1.0
C[N+]1(C)C[C@H]2CC[C@@H]1[C@H]1CC[C@@H]2O1,0.13079748100224914,0.05995030745679866,1.0
C[N+]1(C)C[C@H]2CC[C@@H]1[C@@H]1CC[C@H]2O1,0.1308061549930396,0.05995030745679866,1.0
C[N+]1(C)C[C@@H]2CC[C@H]1[C@@H]1CC[C@H]2O1,0.13079748238299033,0.05995030745679866,1.0
C[N+]1(C)C[C@@H]2CC[C@H]1[C@H]1CC[C@@H]2O1,0.1308061172060932,0.05995030745679866,1.0
C[N+]1(C)CCCCC1,0.12130566866921523,0.058006693652484315,1.0
C[C@H]1CCCCN1,0.11828261202024416,0.05741989943708351,1.0
C[C@@H]1CCCCN1,0.11828270165125553,0.05741989943708351,1.0
CC(C)c1n(C)cc[n+]1C,0.12732549499618495,0.058829881241611925,1.0
C1CCNCC1,0.11351524721513756,0.056785956032507974,1.0
C[N+]1(C)CCCCC[C@@H]2CCCC[C@H]21,0.13577426119974192,0.06025942736650932,1.0
C[N+]1(C)CCCCC[C@@H]2CCCC[C@@H]21,0.135660546181884,0.06025942736650932,1.0
C[N+]1(C)CCCCC[C@H]2CCCC[C@H]21,0.13566053118523458,0.06025942736650932,1.0
C[N+]1(C)CCCCC[C@H]2CCCC[C@@H]21,0.1357741791353112,0.06025942736650932,1.0
c1ccc(C[C@@H]2CNCCN2Cc2ccccc2)cc1,0.14631510574694803,0.06152744270861377,1.0
c1ccc(C[C@H]2CNCCN2Cc2ccccc2)cc1,0.14631512695750123,0.06152744270861377,1.0
C1CC[N+]2(C1)CC1CCC(CC1)C2,0.13234327975817034,0.05990508905566472,1.0
C1CC[N+]2(C1)CCCC2,0.12344911980713802,0.05842239108330228,1.0
c1ccc(CN2CCCCC2)cc1,0.13492721350017153,0.05978723506659476,1.0
CC(C)NCCCNC(C)C,0.1297566523072872,0.05936347310741896,2.0
C[N+](C)(C)CCO,0.11987620658046783,0.05762421425377648,1.0
CCC[N+]1(C)CCCCC1,0.12874345523397318,0.058919797017806495,1.0
C[n+]1ccn(Cc2cccc3ccccc23)c1,0.14060355030169686,0.060793931586746154,1.0
CC(=O)OCC[N+](C)(C)C,0.12920051285425335,0.059033478174887806,1.0
CCCCNC(C)C,0.1261788323942911,0.05804322313672879,1.0
CC(C)(N)CN,0.11575485538328542,0.056930090898261586,1.0
CCN(CC)CCCCCN(CC)CC,0.1445877539754715,0.06062480608052234,1.0
CC[N@@+]1(C)CC[C@@H](C)[C@H]2C[C@@H]1C2(C)C,0.13547220828652587,0.06025942736650932,1.0
CC[N@+]1(C)CC[C@H](C)[C@@H]2C[C@@H]1C2(C)C,0.13540889257846989,0.06025942736650932,1.0
CC[N@+]1(C)CC[C@H](C)[C@H]2C[C@@H]1C2(C)C,0.13482846434501095,0.06025942736650932,1.0
CC[N@+]1(C)CC[C@@H](C)[C@H]2C[C@@H]1C2(C)C,0.13540224666271697,0.06025942736650932,1.0
CC[N@@+]1(C)CC[C@H](C)[C@@H]2C[C@H]1C2(C)C,0.13540237603066893,0.06025942736650932,1.0
CC[N@+]1(C)CC[C@@H](C)[C@@H]2C[C@H]1C2(C)C,0.13535085725555362,0.06025942736650932,1.0
CC[N@@+]1(C)CC[C@H](C)[C@H]2C[C@@H]1C2(C)C,0.1353506854036052,0.06025942736650932,1.0
CC[N@@+]1(C)CC[C@@H](C)[C@@H]2C[C@H]1C2(C)C,0.13519005578014262,0.06025942736650932,1.0
CC[N@+]1(C)CC[C@H](C)[C@@H]2C[C@H]1C2(C)C,0.13547232431129116,0.06025942736650932,1.0
CCC[N+](CCC)(CCC)CCC,0.12664727979142157,0.06004224054310834,4.0
C[N+]1(C)CC2C[C@H]3CC1C[C@@H](C2)C3,0.12529499922158163,0.05990508905566472,2.0
C[N+]1(C)CCN(C2CCCCC2)CC1,0.1371706936813411,0.060280292551237714,1.0
C[N+]1(C2CCCCC2)CCCC1,0.13243457335689326,0.05961851673167251,1.0
C[C@@H]1C[C@@H](C)C[N+]2(CCCC2)C1,0.13207704519554106,0.05961851673167251,1.0
C[C@H]1C[C@@H](C)C[N+]2(CCCC2)C1,0.13274285559446014,0.05961851673167251,1.0
C[C@H]1C[C@H](C)C[N+]2(CCCC2)C1,0.13207703045542002,0.05961851673167251,1.0
C(CC1CCNCC1)CC1CCNCC1,0.13640522805321464,0.06054587971290195,2.0
CCc1n(C)cc[n+]1C,0.12470189023918773,0.058388394648693144,1.0
NC1CCCCC1,0.1185218881095493,0.05741989943708351,1.0
CN1CCCCC1,0.11809104332010437,0.05741989943708351,1.0
C[C@H]1CC[N@@+](C)(C2CCCCCCC2)C1,0.13906638556653325,0.060546274933959886,1.0
C[C@@H]1CC[N@+](C)(C2CCCCCCC2)C1,0.13906634607496132,0.060546274933959886,1.0
C[C@@H]1CC[N@@+](C)(C2CCCCCCC2)C1,0.13902878052729165,0.060546274933959886,1.0
C[C@H]1CC[N@+](C)(C2CCCCCCC2)C1,0.13902873559414947,0.060546274933959886,1.0
C1CC[C@H]2NCC[C@H]2C1,0.12323755379948727,0.05838905871666309,1.0
C1CC[C@H]2NCC[C@@H]2C1,0.12381741718881054,0.05838905871666309,1.0
C1CC[C@@H]2CCN[C@H]2C1,0.12381733434284624,0.05838905871666309,1.0
C1CC[C@@H]2NCC[C@@H]2C1,0.12323763084123392,0.05838905871666309,1.0
CCCC[N+]12CCC(CC1)CC2,0.13324116701694527,0.05961851673167251,1.0
CCCC[N+]1(C2CCCCC2)CCCC1,0.14030119605738478,0.060546274933959886,1.0
C[N+]1(C)C[C@H]2CC[C@@H]1[C@@H]1CC[C@H]2C1,0.1310778806085946,0.05990508905566472,1.0
C[N+]1(C)C[C@@H]2CC[C@H]1[C@H]1CC[C@@H]2C1,0.13107785417557608,0.05990508905566472,1.0
C[N+]1(C)C[C@@H]2CC[C@H]1[C@@H]1CC[C@H]2C1,0.13097297458547721,0.05990508905566472,1.0
C[N+]1(C)C[C@H]2CC[C@@H]1[C@H]1CC[C@@H]2C1,0.13097310759092995,0.05990508905566472,1.0
CCCCCCC[N+](C)(C)C,0.13560953268753312,0.059363998345292296,1.0
CCCC[N+](C)(C)C1CCCCCC1,0.13903721578796152,0.060301891882055696,1.0
CC[N@@+]1(C)C[C@@H](C)C[C@@H](C)C1,0.1313389313382386,0.059310717734076666,1.0
CC[N+]1(C)C[C@H](C)C[C@@H](C)C1,0.1307438208165619,0.059310717734076666,1.0
CC[N@+]1(C)C[C@@H](C)C[C@@H](C)C1,0.13105579053818284,0.059310717734076666,1.0
CC[N+]1(C)C[C@@H](C)C[C@H](C)C1,0.1307438661415196,0.059310717734076666,1.0
CC[N+]1(C)C[C@@H](C)C[C@@H](C)C1,0.1310557131805408,0.059310717734076666,1.0
C[C@@H]1CCC[N+]12CCCCCC2,0.13172210954279764,0.05961851673167251,1.0
C[C@H]1CCC[N+]12CCCCCC2,0.13153939878355808,0.05961851673167251,1.0
Cc1cc(C)cc(Cn2cc[n+](C)c2C)c1,0.14028859191411633,0.06064266495310816,1.0
CC1(C)CCC[N@@+](C)(Cc2ccccc2)C1,0.14007088588495986,0.06070102459055798,1.0
CC1(C)CCC[N@+](C)(Cc2ccccc2)C1,0.14007078260395264,0.06070102459055798,1.0
Cc1n(C)cc[n+]1C[C@@H](O)CO,0.13330018228578866,0.059689927207089745,1.0
Cc1n(C)cc[n+]1C[C@H](O)CO,0.1333000571393197,0.059689927207089745,1.0
CN(C)c1ccccn1,0.12363149424583766,0.05828674693346169,1.0
c1ccc(CN2CCCCCC2)cc1,0.13691543375019571,0.060107289736743764,1.0
C[N+](C)(C)CCCCCCCCCCCC[N+](C)(C)C,0.1549919987329126,0.0618307217626678,1.0
C[C@@H]1CCC[C@@H](C)[N+]12CCCC2,0.1310083139469995,0.05961851673167251,1.0
C[C@H]1CCC[C@@H](C)[N+]12CCCC2,0.13108877922344625,0.05961851673167251,1.0
C[C@H]1CCC[C@H](C)[N+]12CCCC2,0.13100815056115916,0.05961851673167251,1.0
CN1CCNCC1,0.11798785202355912,0.05746110879943329,1.0
NCCCCCCC[NH3+],0.12759401866909673,0.058584524703267006,1.0
CCCC[N+]1(C)CCCC1,0.13001598301726777,0.058919797017806495,1.0
CC[C@@H]1CCCC[N+]1(C)C,0.12806304951086808,0.058919797017806495,1.0
CC[C@H]1CCCC[N+]1(C)C,0.12760187943977452,0.058919797017806495,1.0
C[N+]1(C)C[C@H]2[C@@H]3C=C[C@@H](C3)[C@H]2C1,0.12991341365656592,0.05951771102887692,1.0
C[N+]1(C)C[C@H]2[C@H]3C=C[C@H](C3)[C@H]2C1,0.12971552963108574,0.05951771102887692,1.0
C[N+]1(C)C[C@@H]2[C@@H]3C=C[C@@H](C3)[C@H]2C1,0.13029965433707508,0.05951771102887692,1.0
C[N+]1(C)C[C@H]2[C@@H]3C=C[C@@H](C3)[C@@H]2C1,0.13029972496245815,0.05951771102887692,1.0
C1CCN(C2CCNCC2)CC1,0.13281851312766266,0.059618022687736916,1.0
C[N+](C)(C)C,0.09026465244859917,0.056210741536298243,12.0
NCCCCCCCCCCCCN,0.14551718912859538,0.06034351208640688,1.0
CC1CC[N+](C)(C)CC1,0.1249179366917654,0.05848826460517803,1.0
CCCCNCC,0.1216812713796859,0.05750355728533943,1.0
CC[C@H]1CCCC[N@@+]12CCC[C@H]2C,0.1336206344969898,0.059951310798306144,1.0
CC[C@H]1CCCC[N@@+]12CCC[C@@H]2C,0.1340503879256143,0.059951310798306144,1.0
CC[C@H]1CCCC[N@+]12CCC[C@H]2C,0.13381498891269936,0.059951310798306144,1.0
CC[C@@H]1CCCC[N@+]12CCC[C@H]2C,0.13405055302967847,0.059951310798306144,1.0
CC[C@H]1CCCC[N@+]12CCC[C@@H]2C,0.13362642465470256,0.059951310798306144,1.0
CC[C@@H]1CCCC[N@@+]12CCC[C@H]2C,0.13362645901706152,0.059951310798306144,1.0
CC[C@@H]1CCCC[N@@+]12CCC[C@@H]2C,0.13381507187649055,0.059951310798306144,1.0
CC[C@@H]1CCCC[N@+]12CCC[C@@H]2C,0.1336205519488847,0.059951310798306144,1.0
C[C@@H]1CCC[N+]2(Cc3ccccc3C2)C1,0.13704493991198596,0.060383795192406164,1.0
C[C@H]1CCC[N+]2(Cc3ccccc3C2)C1,0.13164767425392812,0.060383795192406164,2.0
CC(C)(C)CC(C)(C)N,0.12625612462299066,0.058520814031238245,1.0
CC[N+]1(CC)C[C@H](C)O[C@H](C)C1,0.133256164776303,0.059715874286873,1.0
CC[N+]1(CC)C[C@@H](C)O[C@H](C)C1,0.13277185248966977,0.059715874286873,1.0
CC[N+]1(CC)C[C@H](C)O[C@@H](C)C1,0.13277184316849436,0.059715874286873,1.0
C[C@@H]([C@H](O)c1ccccc1)[N+](C)(C)C,0.1368406488274349,0.06021558328748073,1.0
C[C@H]1C[C@H](C)C[N+]2(CCCCC2)C1,0.13408371458577897,0.059951310798306144,1.0
C[C@H]1C[C@@H](C)C[N+]2(CCCCC2)C1,0.13467456997674257,0.059951310798306144,1.0
C[C@@H]1C[C@@H](C)C[N+]2(CCCCC2)C1,0.13408371902871788,0.059951310798306144,1.0
Cc1cc(C)cc(Cn2cc[n+](C)c2)c1,0.13935324112865846,0.06036261830942754,1.0
CC[N@@+]1(C)[C@@H](C)CCC[C@H]1C,0.12981379143818558,0.059310717734076666,1.0
CC[N+]1(C)[C@H](C)CCC[C@H]1C,0.1295828462640451,0.059310717734076666,1.0
CC[N@+]1(C)[C@@H](C)CCC[C@H]1C,0.12970297146680196,0.059310717734076666,1.0
CC[N+]1(C)[C@@H](C)CCC[C@@H]1C,0.12958289206671875,0.059310717734076666,1.0
CC[N+]1(C)[C@@H](C)CCC[C@H]1C,0.1297029955384534,0.059310717734076666,1.0
CCC[N+]1(C)CC[N+](CCC)(CCC)CC1,0.14271093196855522,0.060888266945644316,1.0
CC[N+]1(CC)CCC[C@@H](C)[C@H]1C,0.13232492504157656,0.059668017521487926,1.0
CC[N+]1(CC)CCC[C@@H](C)[C@@H]1C,0.13244441022940842,0.059668017521487926,1.0
CC[N+]1(CC)CCC[C@H](C)[C@@H]1C,0.1323250677639108,0.059668017521487926,1.0
CC[N+]1(CC)CCC[C@H](C)[C@H]1C,0.13244426745901255,0.059668017521487926,1.0
C1CCCNCCC1,0.12164613718874562,0.05796984033702058,1.0
CC(C)NCCN(C)C,0.12909520046438672,0.0585524722161698,1.0
CC(C)Cn1cc[n+](CC(C)C)c1,0.13654528704872487,0.05992780559600349,1.0
c1ccc(C[N+]23CCC(CC2)CC3)cc1,0.13716404757782955,0.060383795192406164,1.0
CCCC[n+]1ccccc1,0.12915230459072086,0.058739198562246936,1.0
C[C@@H]1CCCN1,0.11380356077188347,0.056785956032507974,1.0
C[C@H]1CCCN1,0.1133822242323091,0.056785956032507974,1.0
c1cc(N2CCCC2)ccn1,0.1233439644583201,0.05908993128064302,2.0
C[N+](C)(C)[C@@H]1C[C@@H]2C[C@H]1[C@@H]1CCC[C@H]21,0.13463228691928147,0.06021652461203189,1.0
C[N+](C)(C)[C@@H]1C[C@@H]2C[C@H]1[C@H]1CCC[C@H]21,0.1354198168241382,0.06021652461203189,1.0
C[N+](C)(C)[C@@H]1C[C@@H]2C[C@H]1[C@@H]1CCC[C@@H]21,0.13531919681339832,0.06021652461203189,1.0
C[N+](C)(C)[C@@H]1C[C@H]2C[C@@H]1[C@H]1CCC[C@H]12,0.13440455344096303,0.06021652461203189,1.0
C[N+](C)(C)[C@H]1C[C@H]2C[C@@H]1[C@H]1CCC[C@@H]12,0.1353192226068154,0.06021652461203189,1.0
C[N+](C)(C)[C@H]1C[C@H]2C[C@@H]1[C@@H]1CCC[C@@H]21,0.1354196463472481,0.06021652461203189,1.0
C[N+](C)(C)[C@@H]1C[C@H]2C[C@@H]1[C@@H]1CCC[C@@H]21,0.13511842511179525,0.06021652461203189,1.0
C[N+](C)(C)[C@@H]1C[C@@H]2C[C@H]1[C@H]1CCC[C@@H]21,0.13507066856182087,0.06021652461203189,1.0
C[N+](C)(C)[C@H]1C[C@@H]2C[C@H]1[C@H]1CCC[C@H]21,0.13511842314062886,0.06021652461203189,1.0
C[N+](C)(C)[C@@H]1C[C@H]2C[C@@H]1C1CCCC12,0.13497294063561108,0.06021652461203189,1.0
C[N+](C)(C)C1C[C@@H]2C[C@H]1C1CCCC12,0.13519484247017674,0.06021652461203189,1.0
C[N+](C)(C)[C@H]1C[C@@H]2C[C@H]1[C@@H]1CCC[C@H]21,0.1344043952069514,0.06021652461203189,1.0
C[N+](C)(C)[C@H]1C[C@H]2C[C@@H]1[C@H]1CCC[C@H]12,0.1346322796333708,0.06021652461203189,1.0
C[N+](C)(C)[C@@H]1C[C@H]2C[C@@H]1[C@@H]1CCC[C@H]21,0.1349730104213248,0.06021652461203189,1.0
C[N+](C)(C)[C@@H]1C[C@H]2C[C@@H]1[C@H]1CCC[C@@H]12,0.13477056814178773,0.06021652461203189,1.0
C[N+](C)(C)[C@H]1C[C@H]2C[C@@H]1[C@@H]1CCC[C@H]21,0.13519471078653117,0.06021652461203189,1.0
C[N+](C)(C)[C@H]1C[C@@H]2C[C@H]1[C@H]1CCC[C@@H]21,0.13497302709306266,0.06021652461203189,1.0
C[N+](C)(C)[C@H]1C[C@@H]2C[C@H]1[C@@H]1CCC[C@@H]21,0.13477056334194285,0.06021652461203189,1.0
C[N+](C)(C)C1C2CCCC1CCC2,0.13286257631534362,0.059951310798306144,1.0
C[N+](C)(C)[C@H]1[C@H]2CCC[C@@H]1CCC2,0.13286238885782975,0.059951310798306144,1.0
[NH3+]CC[NH2+]CC[NH3+],0.11712963031746347,0.05770405477689397,2.0
CCN(CC)[C@H](C)O,0.12410443330053737,0.05811377248240584,1.0
CCN(CC)[C@@H](C)O,0.12410452544051082,0.05811377248240584,1.0
CC[N+]1(C)CCNCC1,0.12492536229324121,0.05852017068119015,1.0
C[N+](C)(C)C1CCCC1,0.12520635106238362,0.05848826460517803,1.0
CC[N@+]1(C)C[C@H]2C[C@@H]1CN(C)C2,0.130945302567226,0.059642849700358824,1.0
CC[N@+]1(C)C[C@@H]2C[C@H]1CN(C)C2,0.1310609987728047,0.059642849700358824,1.0
CC[N@@+]1(C)C[C@@H]2C[C@H]1CN(C)C2,0.1309453583294221,0.059642849700358824,1.0
CC[N@@+]1(C)C[C@H]2C[C@@H]1CN(C)C2,0.13106111244542215,0.059642849700358824,1.0
C[N+]1(C)Cc2cccc3cccc(c23)C1,0.13609107793314618,0.060300110194916184,1.0
CC1(C)[C@@H]2C[C@H]1CCC[N+]21CCCCC1,0.13655539467638886,0.06050624645206155,1.0
CC1(C)[C@H]2CCC[N+]3(CCCCC3)[C@@H]1C2,0.1365554926255209,0.06050624645206155,1.0
NCCN1CCOCC1,0.1264079199427743,0.0585510674548346,1.0
C1CC[NH2+]C1,0.10277274578015516,0.05609614454426612,2.0
C1CCNC1,0.1080249714034637,0.05603763925277791,1.0
NCCCNCCNCCCN,0.14111798609383142,0.05976385431648842,1.0
CN1CCN(C)CC1,0.11596634874524644,0.05800596560367421,2.0
C1COCCO1,0.10684690528961457,0.05692782666228141,2.0
C[N+]1(C)CCCC[C@H]2CCCC[C@@H]21,0.13376652854177354,0.059951310798306144,1.0
C[N+]1(C)CCCC[C@@H]2CCCC[C@H]21,0.13385317969561158,0.059951310798306144,1.0
C[N+]1(C)CCCC[C@@H]2CCCC[C@@H]21,0.13347407200600941,0.059951310798306144,1.0
C[N+]1(C)CCCC[C@H]2CCCC[C@H]21,0.13360441315602523,0.059951310798306144,1.0
C1C[NH+]2CCC1CC2,0.10978236463455202,0.05793265739746554,3.0
C1CN2CCC1CC2,0.10941177380242237,0.0578951388841041,3.0
O[N+]12CCC(CC1)C[C@H]2Cc1ccccc1,0.1384772522438213,0.06070018683059142,1.0
O[N+]12CCC(CC1)C[C@@H]2Cc1ccccc1,0.13847713937750813,0.06070018683059142,1.0
C[C@H]1CCC[C@@H](C)[NH2+]1,0.12273842741643351,0.058006693652484315,1.0
CC12CC3C[C@@](C)(C1)C([NH3+])[C@](C)(C3)C2,0.1333798906043975,0.06021652461203189,1.0
C[N+]1(C)C[C@H]2[C@H]3C=C[C@H](CC3)[C@H]2C1,0.1320569134001656,0.05985834761783271,1.0
C[N+]1(C)C[C@H]2[C@@H]3C=C[C@@H](CC3)[C@H]2C1,0.1320675266473054,0.05985834761783271,1.0
C[N+]1(C)C[C@H]2[C@@H]3C=C[C@@H](CC3)[C@@H]2C1,0.1267169247657609,0.05985834761783271,2.0
C[N+]1(C)C[C@@H]2[C@@H]3C=C[C@@H](CC3)[C@H]2C1,0.12671702314132965,0.05985834761783271,2.0
CC[N+](C)(CC)CC,0.12367709255571507,0.05807943443124783,1.0
C[N@+]12CC[N@+](C)(CC1)CC2,0.11083970031798965,0.058919212545937905,6.0
C[N+]12CC[N+](C)(CC1)CC2,0.11083944712285777,0.058919212545937905,6.0
CC1CC[N+]2(CC1)Cc1ccccc1C2,0.1373511672566288,0.060383795192406164,1.0
C[N+]1(Cc2ccccc2)CCCCCC1,0.1383584749259923,0.06042501433657036,1.0
C[C@@H]1CCC[N+](C)(C)C1,0.12510668191715954,0.05848826460517803,1.0
C[C@H]1CCC[N+](C)(C)C1,0.12510660461566434,0.05848826460517803,1.0
CCCCc1n(CCCC)cc[n+]1C,0.1387646504745229,0.06023760569316427,1.0
C[N+]1(C)CC[C@@H]2CCCC[C@H]2CC1,0.12875287302808297,0.059951310798306144,2.0
C[N+]1(C)CC[C@@H]2CCCC[C@@H]2CC1,0.13401798232662152,0.059951310798306144,1.0
C[N+]1(C)CC[C@H]2CCCC[C@@H]2CC1,0.12875290456278263,0.059951310798306144,2.0
CC(C)(C)[N+](C)(C)C,0.11305309279244637,0.05807943443124783,3.0
CCCNCC(C)C,0.1260569400064946,0.05804322313672879,1.0
[NH3+][C@H]1CCCC[C@H]1[NH3+],0.12225103568367071,0.05807871901168971,1.0
N[C@H]1CCCC[C@H]1N,0.12150739563309942,0.05800596560367421,1.0
[NH3+][C@@H]1CCCC[C@H]1[NH3+],0.11623066170181111,0.05807871901168971,2.0
N[C@@H]1CCCC[C@H]1N,0.12212429021552189,0.05800596560367421,1.0
[NH3+][C@H]1CCCC[C@@H]1[NH3+],0.1162306702288481,0.05807871901168971,2.0
N[C@H]1CCCC[C@@H]1N,0.116454337998338,0.05800596560367421,2.0
C[N+](C)(C)[C@@H]1[C@H]2CC[C@@H]1[C@@H]1CCC[C@H]21,0.13433687897920038,0.06021652461203189,1.0
C[N+](C)(C)[C@H]1[C@H]2CC[C@@H]1[C@@H]1CCC[C@H]21,0.13444766793755306,0.06021652461203189,1.0
C[N+](C)(C)C1[C@H]2CC[C@@H]1[C@@H]1CCC[C@H]21,0.13444767175041086,0.06021652461203189,1.0
C[N@+]12CCCC[C@H]1[C@@H]1C[C@@H](C2)[C@@H]2CCCCN2C1,0.1415734440898489,0.061253865066678126,1.0
C[N@@+]12CCCC[C@H]1[C@H]1C[C@@H](C2)[C@@H]2CCCCN2C1,0.1411509036898005,0.061253865066678126,1.0
C[N@@+]12CCCC[C@@H]1[C@@H]1C[C@@H](C2)[C@H]2CCCCN2C1,0.14183237080912842,0.061253865066678126,1.0
C[N@@+]12CCCC[C@@H]1[C@H]1C[C@@H](C2)[C@@H]2CCCCN2C1,0.14030825049797138,0.061253865066678126,1.0
C[N@@+]12CCCC[C@@H]1[C@@H]1C[C@H](C2)[C@H]2CCCCN2C1,0.14090541050256436,0.061253865066678126,1.0
C[N@@+]12CCCC[C@@H]1[C@@H]1C[C@@H](C2)[C@@H]2CCCCN2C1,0.14160311289249394,0.061253865066678126,1.0
C[N@@+]12CCCC[C@H]1[C@@H]1C[C@H](C2)[C@H]2CCCCN2C1,0.14064896412753103,0.061253865066678126,1.0
C[N@@+]12CCCC[C@@H]1[C@H]1C[C@H](C2)[C@H]2CCCCN2C1,0.14157354341197384,0.061253865066678126,1.0
C[N@+]12CCCC[C@H]1[C@@H]1C[C@H](C2)[C@@H]2CCCCN2C1,0.14010852994979953,0.061253865066678126,1.0
C[N@@+]12CCCC[C@H]1[C@@H]1C[C@H](C2)[C@@H]2CCCCN2C1,0.1406995165340719,0.061253865066678126,1.0
C[N@+]12CCCC[C@H]1[C@@H]1C[C@H](C2)[C@H]2CCCCN2C1,0.14030829981940882,0.061253865066678126,1.0
C[N@@+]12CCCC[C@@H]1[C@@H]1C[C@H](C2)[C@@H]2CCCCN2C1,0.14098693305779503,0.061253865066678126,1.0
C[N@@+]12CCCC[C@H]1[C@H]1C[C@H](C2)[C@H]2CCCCN2C1,0.14185693332503813,0.061253865066678126,1.0
C[N@+]12CCCC[C@@H]1[C@@H]1C[C@@H](C2)[C@@H]2CCCCN2C1,0.14185701435243198,0.061253865066678126,1.0
C[N+]12CCCC[C@@H]1[C@H]1C[C@@H](C2)[C@@H]2CCCCN2C1,0.14030820671178726,0.061253865066678126,1.0
C[N@+]12CCCC[C@H]1[C@H]1C[C@@H](C2)[C@H]2CCCCN2C1,0.14084672743919996,0.061253865066678126,1.0
C[N@@+]12CCCC[C@H]1[C@H]1C[C@@H](C2)[C@H]2CCCCN2C1,0.14132532260871702,0.061253865066678126,1.0
C[N@@+]12CCCC[C@@H]1[C@H]1C[C@@H](C2)[C@H]2CCCCN2C1,0.14010869138226584,0.061253865066678126,1.0
C[N@+]12CCCC[C@H]1[C@H]1C[C@H](C2)[C@H]2CCCCN2C1,0.14160309723508918,0.061253865066678126,1.0
C[N@+]12CCCC[C@@H]1[C@@H]1C[C@H](C2)[C@@H]2CCCCN2C1,0.1413254154519672,0.061253865066678126,1.0
C[N@+]12CCCC[C@@H]1[C@H]1C[C@@H](C2)[C@@H]2CCCCN2C1,0.14064901536131325,0.061253865066678126,1.0
C[N@+]12CCCC[C@@H]1[C@H]1C[C@@H](C2)[C@H]2CCCCN2C1,0.14069950204137044,0.061253865066678126,1.0
CC[N+]1(CC)CCC[C@@H]2C[C@H]1C2(C)C,0.13512213978960555,0.06025942736650932,1.0
CC[N+]1(CC)CCC[C@H]2C[C@@H]1C2(C)C,0.134999548563648,0.06025942736650932,1.0
CC[N+]1(CC)CCC[C@H]2C[C@H]1C2(C)C,0.13529516921960058,0.06025942736650932,1.0
C[N+](C)(C)[C@@H](c1ccccc1)C1CCCCC1,0.1416229972512097,0.060959845105097554,1.0
C[N+](C)(C)[C@H](c1ccccc1)C1CCCCC1,0.14162288209598362,0.060959845105097554,1.0
CCCCCC[n+]1ccn(C)c1C,0.13808604798183385,0.05992780559600349,1.0
CC(C)NCCCCCNC(C)C,0.1416272268358391,0.060041794375726654,1.0
C[C@H]1CCC[N@+]12CCC[C@@H]1CCCC[C@@H]12,0.13665839171172547,0.06050624645206155,1.0
C[C@@H]1CCC[N@@+]12CCC[C@H]1CCCC[C@@H]12,0.13690482658838135,0.06050624645206155,1.0
C[C@@H]1CCC[N@+]12CCC[C@@H]1CCCC[C@H]12,0.13706474894121107,0.06050624645206155,1.0
C[C@H]1CCC[N@@+]12CCC[C@@H]1CCCC[C@H]12,0.136908671845886,0.06050624645206155,1.0
C[C@@H]1CCC[N@@+]12CCC[C@@H]1CCCC[C@@H]12,0.13658964211914826,0.06050624645206155,1.0
C[C@H]1CCC[N@@+]12CCC[C@H]1CCCC[C@H]12,0.1368502229922903,0.06050624645206155,1.0
C[C@@H]1CCC[N@@+]12CCC[C@H]1CCCC[C@H]12,0.1366582326275736,0.06050624645206155,1.0
C[C@@H]1CCC[N@+]12CCC[C@H]1CCCC[C@@H]12,0.1369086353397689,0.06050624645206155,1.0
C[C@H]1CCC[N@@+]12CCC[C@H]1CCCC[C@@H]12,0.1371139926032096,0.06050624645206155,1.0
C[C@@H]1CCC[N@@+]12CCC[C@@H]1CCCC[C@H]12,0.13668401209021674,0.06050624645206155,1.0
C[C@@H]1CCC[N@+]12CCC[C@@H]1CCCC[C@@H]12,0.13685005650734033,0.06050624645206155,1.0
C[C@@H]1CCC[N@+]12CCC[C@H]1CCCC[C@H]12,0.13663670266338343,0.06050624645206155,1.0
C[C@H]1CCC[N@+]12CCC[C@H]1CCCC[C@@H]12,0.1366840128792779,0.06050624645206155,1.0
C[C@H]1CCC[N@+]12CCC[C@@H]1CCCC[C@H]12,0.13690488323240282,0.06050624645206155,1.0
C[C@H]1CCC[N@+]12CCC[C@H]1CCCC[C@H]12,0.13658960915524215,0.06050624645206155,1.0
C[C@H]1CCC[N@@+]12CCC[C@@H]1CCCC[C@@H]12,0.1366367558019406,0.06050624645206155,1.0
CC[P+](CC)(CC)CC,0.11699042349927626,0.05906214681995096,4.0
CC(C)CCNC(C)C,0.12939060550538437,0.058520814031238245,1.0
CN(C)CCCCCCN(C)C,0.13780142547597063,0.05971645334224119,1.0
CCNCCC(C)C,0.12618000590965212,0.05804322313672879,1.0
CC(C)NC(C)C,0.1210880803483182,0.05750355728533943,1.0
CCN(CC)CCN,0.12484686765618122,0.05807871901168971,1.0
CC[C@@H]1CCCC[N@@+]1(C)CC,0.13100514782552541,0.059310717734076666,1.0
CC[C@@H]1CCCC[N@+]1(C)CC,0.13071051535535497,0.059310717734076666,1.0
CC[C@H]1CCCC[N@+]1(C)CC,0.13055461498731352,0.059310717734076666,1.0
CC(C)[N@+]1(C)CCCC(C)(C)C1,0.1324875513703317,0.059668017521487926,1.0
CC(C)[N@@+]1(C)CCCC(C)(C)C1,0.13248737989007642,0.059668017521487926,1.0
CC[C@@H]1CCCC[N+]12CCCC2,0.13201000105660143,0.05961851673167251,1.0
CC[C@H]1CCCC[N+]12CCCC2,0.13200991758453437,0.05961851673167251,1.0
CC1(C)CCCC(C)(C)[N+]12CCCCC2,0.13625979210303824,0.060546274933959886,1.0
C[N+](C)(C)[C@H]1C[C@H]2CC[C@@H]1C2,0.12866611913842085,0.05925674538373383,1.0
C[N+](C)(C)[C@@H]1C[C@H]2CC[C@@H]1C2,0.12887252771174265,0.05925674538373383,1.0
C[N+](C)(C)[C@@H]1C[C@@H]2CC[C@H]1C2,0.12866619877852833,0.05925674538373383,1.0
C[N+](C)(C)[C@H]1C[C@@H]2CC[C@H]1C2,0.12887263069956623,0.05925674538373383,1.0
C[N+](C)(C)C1C[C@@H]2CC[C@H]1C2,0.12887261805306735,0.05925674538373383,1.0
CC(C)(C)c1cccc(C(C)(C)C)n1,0.13089979681618533,0.06015132871041407,2.0
NCCNCCCNCCN,0.1364069352641674,0.05941504863186311,1.0
CC(C)[n+]1ccn(C)c1,0.12498757714591185,0.058388394648693144,1.0
CC1CCNCC1,0.11837807872039012,0.05741989943708351,1.0
CC[N+](CC)(CC)Cc1ccccc1,0.13682607395541452,0.06017317447886056,1.0
CN(C)CCCCN(C)C,0.12512983833858152,0.058977717837426114,2.0
C1COCCOCCOCCOCCO1,0.14013041679854762,0.0607370593559867,1.0
C[C@H]1CCC[N@@+]12CCCC[C@H]2C,0.13109921754716874,0.05961851673167251,1.0
C[C@@H]1CCCC[N@@+]12CCC[C@H]2C,0.13091421817514654,0.05961851673167251,1.0
C[C@H]1CCCC[N@@+]12CCC[C@H]2C,0.1308698350911414,0.05961851673167251,1.0
C[C@H]1CCCC[N@@+]12CCC[C@@H]2C,0.13125228290209473,0.05961851673167251,1.0
C[C@H]1CCCC[N@+]12CCC[C@@H]2C,0.13091427444688936,0.05961851673167251,1.0
C[C@H]1CCCC[N@+]12CCC[C@H]2C,0.13109929381983837,0.05961851673167251,1.0
C[C@@H]1CCCC[N@+]12CCC[C@H]2C,0.13125230609342145,0.05961851673167251,1.0
C[C@H]1CCC[N@+]12CCCC[C@H]2C,0.13086967452999965,0.05961851673167251,1.0
O[C@@H]1C[N+]2(Cc3ccccc3)CCC1CC2,0.13908319765523555,0.06070018683059142,1.0
O[C@H]1C[N+]2(Cc3ccccc3)CCC1CC2,0.13908334893251,0.06070018683059142,1.0
O[C@H]1C[N@+]2(Cc3ccccc3)CC[C@H]1CC2,0.13908339598730035,0.06070018683059142,1.0
NCCCCCN,0.11606904605600486,0.05754394963671561,2.0
CN(C)c1ccncc1,0.12406278305208708,0.05828674693346169,1.0
N[C@H]1CC[C@H](N)CC1,0.11653507204855285,0.05800596560367421,2.0
N[C@H]1CC[C@@H](N)CC1,0.12188763705744021,0.05800596560367421,1.0
NC1CCC(N)CC1,0.11653496135897355,0.05800596560367421,2.0
C1N2CN3CN1CN(C2)C3,0.10115168579415118,0.058858686133254796,12.0
C[C@@H]1C[N+]2(C)CCN1CC2,0.12561477239109145,0.05888964821770199,1.0
C[C@H]1C[N+]2(C)CCN1CC2,0.1256147744770769,0.05888964821770199,1.0
C[N+]1(C)CC[C@H]2CCC[C@@H]2C1,0.12951088777562783,0.05925674538373383,1.0
C[N+]1(C)CC[C@@H]2CCC[C@H]2C1,0.1295111185802603,0.05925674538373383,1.0
C[N+]1(C)CC[C@@H]2CCC[C@@H]2C1,0.12879573603543013,0.05925674538373383,1.0
C[N+]1(C)CC[C@H]2CCC[C@H]2C1,0.12904787798523273,0.05925674538373383,1.0
CCCCC[C@@H](C)N,0.12641614828582104,0.05804322313672879,1.0
CCCCC[C@H](C)N,0.12641612418846576,0.05804322313672879,1.0
CC1(C)[C@@H]2CC[C@H](C[N+](C)(C)C)[C@H]1C2,0.13675663321965065,0.06025942736650932,1.0
CC1(C)[C@@H]2CC[C@@H](C[N+](C)(C)C)[C@H]1C2,0.13700586194538644,0.06025942736650932,1.0
CC1(C)[C@H]2CC[C@@H](C[N+](C)(C)C)[C@@H]1C2,0.13683985023468112,0.06025942736650932,1.0
CC1(C)[C@H]2CC[C@H](C[N+](C)(C)C)[C@@H]1C2,0.13682320180260682,0.06025942736650932,1.0
NC12CCC(CC1)C2,0.11919544898987991,0.0578951388841041,1.0
CC[C@H](C)N(CCCCCN([C@@H](C)CC)[C@H](C)CC)[C@H](C)CC,0.15450259537669267,0.06237477832645988,1.0
CC[C@H](C)N(CCCCCN([C@H](C)CC)[C@H](C)CC)[C@@H](C)CC,0.15434614917913178,0.06237477832645988,1.0
CC[C@H](C)N(CCCCCN([C@H](C)CC)[C@H](C)CC)[C@H](C)CC,0.15474333206882185,0.06237477832645988,1.0
CC[C@H](C)N(CCCCCN([C@@H](C)CC)[C@@H](C)CC)[C@@H](C)CC,0.1496548916945547,0.06237477832645988,2.0
CC[C@@H](C)N(CCCCCN([C@H](C)CC)[C@H](C)CC)[C@H](C)CC,0.15550706039777615,0.06237477832645988,1.0
CC[C@H](C)N(CCCCCN([C@@H](C)CC)[C@H](C)CC)[C@@H](C)CC,0.15204162902567991,0.06237477832645988,1.0
CC[N+]1(CC)C[C@H](C)CC[C@H]1C,0.13264051475794267,0.059668017521487926,1.0
CC[N+]1(CC)C[C@H](C)CC[C@@H]1C,0.132491725377618,0.059668017521487926,1.0
CC[N+]1(CC)C[C@@H](C)CC[C@@H]1C,0.1327413946615275,0.059668017521487926,1.0
CC(C)N1C[C@@H]2C[C@@H](C1)C[N+](C)(C)C2,0.1365972075056678,0.060280292551237714,1.0
CC(C)N1C[C@@H]2C[C@H](C1)C[N+](C)(C)C2,0.1355103894720301,0.060280292551237714,1.0
CC(C)N1C[C@H]2C[C@H](C1)C[N+](C)(C)C2,0.13659720491594043,0.060280292551237714,1.0
CC[N+]1(C)CCCCC1,0.12490286933651329,0.05848826460517803,1.0
C[N+]1(Cc2ccccc2)CCCC1,0.13419339831415455,0.059811074665383344,1.0
C[C@H]1CCC[C@H](C)[N+]12CCCCC2,0.13317874501752927,0.059951310798306144,1.0
C[C@H]1CCC[C@@H](C)[N+]12CCCCC2,0.13306566738753528,0.059951310798306144,1.0
C[C@@H]1CCC[C@@H](C)[N+]12CCCCC2,0.13317872574867282,0.059951310798306144,1.0
CCC[NH2+]CCC,0.12177886527006972,0.05754476325660646,1.0
CCCNCCC,0.12150243537137342,0.05750355728533943,1.0
C[N+]1(C)CCC([N+]2(C)CCCC2)CC1,0.1367676610023453,0.060301472730243506,1.0
CCN1CCNCC1,0.12237703715706129,0.05800596560367421,1.0
CN(CCCN)c1ccccc1,0.1340533476931387,0.05951720485806381,1.0
CN1CCN(C)CCN(C)CC1,0.1331923098162892,0.05969157792325238,1.0
CCNCCN(C)C,0.12579262726489795,0.05807871901168971,1.0
c1ccc2c(c1)C[N+]1(CCC[C@H]3CCCC[C@@H]31)C2,0.1418128502962184,0.06113490695026,1.0
c1ccc2c(c1)C[N+]1(CCC[C@H]3CCCC[C@H]31)C2,0.14178675280450181,0.06113490695026,1.0
c1ccc2c(c1)C[N+]1(CCC[C@@H]3CCCC[C@H]31)C2,0.1418129242313106,0.06113490695026,1.0
c1ccc2c(c1)C[N+]1(CCC[C@@H]3CCCC[C@@H]31)C2,0.14178679653890916,0.06113490695026,1.0
CCC[N+](C)(C)CCC,0.12275650089137397,0.05855311058716418,2.0
C[N+]1(CC2(c3ccccc3)CCCC2)CCCCC1,0.14372402005635393,0.06140134183000576,1.0
CCN1C[C@@H]2C[C@H](C1)[N+](C)(C)C2,0.1313272274436314,0.059642849700358824,1.0
CCN1C[C@@H]2C[C@H](C1)C[N+]2(C)C,0.1313273281690006,0.059642849700358824,1.0
C[N@+]12CCCC[C@H]1C[C@H]1C[C@@H]2C[C@H]2CCCC[N@@+]12C,0.14222444508196055,0.06149719791235799,1.0
C[N@@+]12CCCC[C@@H]1C[C@H]1C[C@@H]2C[C@H]2CCCC[N@@+]12C,0.1368262229352903,0.06149719791235799,2.0
C[N@@+]12CCCC[C@H]1C[C@H]1C[C@@H]2C[C@H]2CCCC[N@@+]12C,0.1422832903963939,0.06149719791235799,1.0
C[C@@H]1CCCC[N+]1(C)C,0.12442028340209918,0.05848826460517803,1.0
C[C@H]1CCCC[N+]1(C)C,0.12442033426026416,0.05848826460517803,1.0
CC[N+]1(CC)CC[C@H]2CC[C@@H]1[C@H](C)[C@H]2C,0.13675574803501062,0.060546274933959886,1.0
CC[N+]1(CC)CC[C@@H]2CC[C@H]1[C@H](C)[C@@H]2C,0.13649760846262438,0.060546274933959886,1.0
CC[N+]1(CC)CC[C@H]2CC[C@@H]1[C@@H](C)[C@@H]2C,0.13664987186931712,0.060546274933959886,1.0
CC[N+]1(CC)CC[C@@H]2CC[C@H]1[C@H](C)[C@H]2C,0.13664998754665214,0.060546274933959886,1.0
CC[N+]1(CC)CC[C@H]2CC[C@@H]1[C@H](C)[C@@H]2C,0.13678837858182602,0.060546274933959886,1.0
CC[N+]1(CC)CC[C@@H]2CC[C@H]1[C@@H](C)[C@H]2C,0.13678849956528066,0.060546274933959886,1.0
CC[N+]1(CC)CCC2CC[C@H]1C(C)[C@H]2C,0.13678841109628467,0.060546274933959886,1.0
CC[N+]1(CC)CC[C@H]2CC[C@@H]1[C@@H](C)[C@H]2C,0.13649761068756008,0.060546274933959886,1.0
CC[N+]1(CC)CC[C@@H]2CC[C@H]1[C@@H](C)[C@@H]2C,0.13675569127092038,0.060546274933959886,1.0
C1CC[N+]2(CC1)CCCC2,0.12649881449793907,0.05886046500854938,1.0
C1COCCOCCOCCOCCOCCO1,0.14634969456198402,0.06149501227501957,1.0
NCCCN,0.1062204849368955,0.05620962003650052,2.0
CCn1cc[n+](C)c1C(C)C,0.13019849684239995,0.05922895163686054,1.0
CC[N+](CC)(CC)C(C)C,0.12867152108448027,0.058978294142115396,1.0
C[N+]1(C)CCC[C@H]2CCCC[C@H]2C1,0.1339546823461921,0.059951310798306144,1.0
C[N+]1(C)CCC[C@@H]2CCCC[C@@H]2C1,0.13395468993938983,0.059951310798306144,1.0
C[N+]1(C)CCC[C@@H]2CCCC[C@H]2C1,0.13437274779092728,0.059951310798306144,1.0
C[N+]1(C)CCC[C@H]2CCCC[C@@H]2C1,0.13446292165563523,0.059951310798306144,1.0
CCCCCC[N+](C)(C)C,0.13263874482878008,0.05897829414211541,1.0
C[C@@H]1COC2(CC[N+](C)(C)CC2)O1,0.13374191877295094,0.06004027704835579,1.0
C[C@H]1COC2(CC[N+](C)(C)CC2)O1,0.13374200552257762,0.06004027704835579,1.0
CCCCn1cc[n+](C)c1C,0.13142917546406463,0.05922895163686054,1.0
CN1C(C)(C)CCCC1(C)C,0.12897115291278502,0.0592838191470677,1.0
CC[N+](C)(C)C1CCCCC1,0.13088208887430258,0.059310717734076666,1.0
NCCCN1CCN(CCCN)CC1,0.14110543121595026,0.06034268209259328,1.0
CC(C)[P+](C)(C(C)C)C(C)C,0.13221100869493388,0.05978725313988076,1.0
CC[C@H]1COC2(CC[N+](C)(C)CC2)O1,0.13648459898140344,0.060342100998311304,1.0
CC[C@@H]1COC2(CC[N+](C)(C)CC2)O1,0.13648474937977928,0.060342100998311304,1.0
CC(C)(C)N,0.11092206470683541,0.056153837896053826,1.0
CCC[n+]1ccn(Cc2ccccc2)c1C,0.13988989767104681,0.06064266495310816,1.0
CCC[NH+](CCC)CCC,0.12142337385100026,0.05897829414211541,3.0
CCCN(CCC)CCC,0.1211655989104387,0.05894914846950782,3.0
C[C@H]1C[C@@H](C)C[N+]2(Cc3ccccc3C2)C1,0.13980484941606205,0.060662465550146254,1.0
C[C@@H]1C[C@@H](C)C[N+]2(Cc3ccccc3C2)C1,0.13936066260272098,0.060662465550146254,1.0
C[C@H]1C[C@H](C)C[N+]2(Cc3ccccc3C2)C1,0.1393605943941585,0.060662465550146254,1.0
C[N+]1(C)C[C@@H]2CCCCCC[C@H]2C1,0.13464101775664733,0.059951310798306144,1.0
C[N+]1(C)C[C@H]2CCCCCC[C@H]2C1,0.13430358022091005,0.059951310798306144,1.0
C[N+]1(C)C[C@H]2CCCCCC[C@@H]2C1,0.13445903765139144,0.059951310798306144,1.0
Cc1cccc(C[n+]2ccn(C)c2)c1,0.13706162538085798,0.06006233527533547,1.0
CN(C)[P+](C)(N(C)C)N(C)C,0.13113370856138554,0.05985696619109079,1.0
C1COCCN1,0.11297794056970549,0.056881135964492256,1.0
NC[C@H]1CCCO1,0.11804329630752626,0.05750174927524876,1.0
NC[C@@H]1CCCO1,0.11841083518398697,0.05750174927524876,1.0
CC[N+](C)(C)C,0.11592305466765865,0.056931033966071076,1.0
C[N+](C)(C)Cc1ccccc1,0.13012536503647903,0.059146651945379845,1.0
CCC[N+]1(C)CCCC1,0.12619236128578892,0.05848826460517803,1.0
NCCCCCCCCCCN,0.13906922682341352,0.05971645334224119,1.0
C[N+]1(C)C[C@H]2CC[C@H](CC2)C1,0.12805543412373824,0.05925674538373383,1.0
C[N+]1(C)CC2CCC(CC2)C1,0.12805538756258752,0.05925674538373383,1.0
CN(C)P(=NC(C)(C)C)(N(C)C)N(C)C,0.1382737714807302,0.06099434817143686,1.0
O[C@@H]1CC2CC[N+]1(Cc1ccccc1)CC2,0.13846442814482637,0.06070018683059142,1.0
CCc1n(CC)c(C)c[n+]1CC,0.1330972568764413,0.05959304651681949,1.0
C[N+](C)(C)CC1(c2ccccc2)CCCC1,0.13914650347702076,0.06070102459055798,1.0
CC[N+]1(CC)[C@H](C)CCC[C@H]1C,0.13178989210533085,0.059668017521487926,1.0
CC[N+]1(CC)[C@@H](C)CCC[C@H]1C,0.13198399798149138,0.059668017521487926,1.0
CC[N+]1(CC)[C@@H](C)CCC[C@@H]1C,0.13178994562553054,0.059668017521487926,1.0
CC[N+]1(C)[C@H]2CCC[C@@H]1CC2,0.12809021765081008,0.05925674538373383,1.0
CC(C)[P+](C(C)C)(C(C)C)C(C)C,0.12983950858629456,0.06040447143015342,2.0
CC[N@+]1(C)C[C@@H]2CC[C@](C)(C1)C2(C)C,0.1345751708760913,0.06025942736650932,1.0
CC[N@+]1(C)C[C@H]2CC[C@@](C)(C1)C2(C)C,0.13471574456094124,0.06025942736650932,1.0
CC[N@@+]1(C)C[C@H]2CC[C@@](C)(C1)C2(C)C,0.13457534791921336,0.06025942736650932,1.0
CC[N@@+]1(C)C[C@@H]2CC[C@](C)(C1)C2(C)C,0.13471577262085335,0.06025942736650932,1.0
Cc1cccc(C)[n+]1C,0.12403604349826933,0.05828742743722402,1.0
CC[N+](C)(C)CC,0.11424922315531844,0.05754476325660646,2.0
CC[NH+](CC)CC,0.11284363664124764,0.05754476325660646,3.0
CCN(CC)CC,0.11261871508978667,0.05750355728533943,3.0
Cc1cc(C)[n+](C)n1C,0.1195792219629419,0.058388394648693144,2.0
C[N+](C)(C)c1ccccc1,0.12691379436740396,0.058739198562246936,1.0
CC[N+](C)(CC)C1CCCCC1,0.1334210267667209,0.059668017521487926,1.0
C1CC[N+]23CCCCC2(C1)CCCC3,0.12457047736011556,0.06021652461203189,3.0
C[C@H]1[C@H](C)[C@@]2(C)CC[C@@H]1[N+](C)(C)CC2,0.1344509395118188,0.06025942736650932,1.0
C[C@@H]1[C@@H](C)[C@]2(C)CC[C@H]1[N+](C)(C)CC2,0.13439489788035258,0.06025942736650932,1.0
C[C@H]1[C@@H]2CC[C@@](C)(CC[N+]2(C)C)[C@@H]1C,0.1343119353923867,0.06025942736650932,1.0
C[C@@H]1[C@@H]2CC[C@@](C)(CC[N+]2(C)C)[C@@H]1C,0.13444567821676098,0.06025942736650932,1.0
C[C@H]1[C@@H](C)[C@]2(C)CC[C@H]1[N+](C)(C)CC2,0.13416761055375356,0.06025942736650932,1.0
C[C@H]1[C@@H](C)[C@@H]2CC[C@@]1(C)CC[N+]2(C)C,0.13416771508005054,0.06025942736650932,1.0
C[C@H]1[C@H](C)[C@]2(C)CC[C@H]1[N+](C)(C)CC2,0.13431191044976976,0.06025942736650932,1.0
C[C@H]1[C@@H](C)[C@H]2CC[C@]1(C)CC[N+]2(C)C,0.13444553380895846,0.06025942736650932,1.0
C1CCCNCC1,0.11800592917731162,0.05741989943708351,1.0
CC[N+]1([C@H]2C[C@H](C)CC(C)(C)C2)CCCC1,0.13984527751075343,0.060814601207065035,1.0
CC[N+]1([C@H]2C[C@@H](C)CC(C)(C)C2)CCCC1,0.14022309716422632,0.060814601207065035,1.0
CC[N+]1([C@@H]2C[C@H](C)CC(C)(C)C2)CCCC1,0.14022312380891147,0.060814601207065035,1.0
CC[N+]1([C@@H]2C[C@@H](C)CC(C)(C)C2)CCCC1,0.13984526989624727,0.060814601207065035,1.0
C1CCC[N+]2(CC1)CCCCCC2,0.12268007131729837,0.059951310798306144,4.0
C1CC[C@@H]2[C@H](C1)CCC[N+]21CCCC1,0.13515850262882367,0.06021652461203189,1.0
C1CC[C@@H]2CCC[N+]3(CCCC3)[C@H]2C1,0.13536653420586403,0.06021652461203189,1.0
C1CC[C@@H]2[C@@H](C1)CCC[N+]21CCCC1,0.1354439547644194,0.06021652461203189,1.0
C1CC[C@H]2[C@@H](C1)CCC[N+]21CCCC1,0.13515859818186848,0.06021652461203189,1.0
CC(C)[N+]1(C)CCCC1,0.1248346883680157,0.05848826460517803,1.0
C[C@H]1CCC[C@@H](C)[N+]1(C)C,0.1271982146349652,0.058919797017806495,1.0
C[C@H]1CCC[C@H](C)[N+]1(C)C,0.12686230426112297,0.058919797017806495,1.0
C[C@@H]1CCC[C@@H](C)[N+]1(C)C,0.12686236418732869,0.058919797017806495,1.0
C[C@@H]([C@@H](C)O)[N+]12CC[N+]([C@H](C)[C@@H](C)O)(CC1)CC2,0.14311508299015419,0.06140097182284849,1.0
C[C@H](O)[C@@H](C)[N+]12CC[N+]([C@H](C)[C@H](C)O)(CC1)CC2,0.13730397970749172,0.06140097182284849,2.0
C[C@H](O)[C@@H](C)[N+]12CC[N+]([C@@H](C)[C@@H](C)O)(CC1)CC2,0.1430706463971016,0.06140097182284849,1.0
C[C@H](O)[C@H](C)[N+]12CC[N+]([C@@H](C)[C@@H](C)O)(CC1)CC2,0.1431469296619461,0.06140097182284849,1.0
C[C@@H](O)[C@@H](C)[N+]12CC[N+]([C@H](C)[C@@H](C)O)(CC1)CC2,0.1373849695286484,0.06140097182284849,2.0
C[C@H](O)[C@@H](C)[N+]12CC[N+]([C@H](C)[C@@H](C)O)(CC1)CC2,0.14314698883480487,0.06140097182284849,1.0
C[C@H](O)[C@H](C)[N+]12CC[N+]([C@H](C)[C@H](C)O)(CC1)CC2,0.14311515799105579,0.06140097182284849,1.0
C[C@@H]([C@@H](C)O)[N+]12CC[N+]([C@@H](C)[C@@H](C)O)(CC1)CC2,0.1373039383129461,0.06140097182284849,2.0
C[C@H](O)[C@H](C)[N+]12CC[N+]([C@@H](C)[C@H](C)O)(CC1)CC2,0.13738497284388962,0.06140097182284849,2.0
C[C@H](O)[C@H](C)[N+]12CC[N+]([C@H](C)[C@@H](C)O)(CC1)CC2,0.14321521868154494,0.06140097182284849,1.0
CCN(CCO)CCO,0.1275598234756737,0.058645775778841364,1.0
CC[C@@H](C)N,0.11222722999440111,0.056153837896053826,1.0
C(CC[N+]12CCN(CC1)CC2)C[N+]12CCN(CC1)CC2,0.14271140134561977,0.061741445427849255,2.0
C[N+]1(CCCC[N+]2(C)CCCC2)CCCC1,0.1437819311715422,0.06085141363018059,1.0
c1c[n+](CC2CCCCC2)cn1CC1CCCCC1,0.1471478346155548,0.06144938712828168,1.0
c1ccc2c(c1)CC[N+]1(C2)Cc2ccccc2C1,0.14189640972067238,0.06102985989221917,1.0
c1c[n+]([C@@H]2C[C@@H]3CC[C@H]2C3)cn1[C@H]1C[C@H]2CC[C@@H]1C2,0.14318702532022504,0.06138477187618441,1.0
c1c[n+]([C@H]2C[C@@H]3CC[C@H]2C3)cn1[C@@H]1C[C@@H]2CC[C@H]1C2,0.143878467082943,0.06138477187618441,1.0
c1c[n+]([C@H]2C[C@H]3CC[C@@H]2C3)cn1[C@H]1C[C@H]2CC[C@@H]1C2,0.13764004384536419,0.06138477187618441,2.0
c1c[n+]([C@@H]2C[C@@H]3CC[C@H]2C3)cn1[C@@H]1C[C@@H]2CC[C@H]1C2,0.137639899303547,0.06138477187618441,2.0
c1c[n+]([C@H]2C[C@@H]3CC[C@H]2C3)cn1[C@@H]1C[C@H]2CC[C@@H]1C2,0.14425793255718455,0.06138477187618441,1.0
c1c[n+]([C@@H]2C[C@H]3CC[C@@H]2C3)cn1[C@H]1C[C@H]2CC[C@@H]1C2,0.14387857693878178,0.06138477187618441,1.0
c1c[n+]([C@H]2C[C@@H]3CC[C@H]2C3)cn1[C@H]1C[C@H]2CC[C@@H]1C2,0.1437944443081332,0.06138477187618441,1.0
c1c[n+]([C@@H]2C[C@H]3CC[C@@H]2C3)cn1[C@@H]1C[C@@H]2CC[C@H]1C2,0.14374104710522553,0.06138477187618441,1.0
c1c[n+]([C@H]2C[C@@H]3CC[C@H]2C3)cn1[C@H]1C[C@@H]2CC[C@H]1C2,0.14422321295180202,0.06138477187618441,1.0
c1c[n+]([C@@H]2C[C@H]3CC[C@@H]2C3)cn1[C@@H]1C[C@H]2CC[C@@H]1C2,0.13855332509199825,0.06138477187618441,2.0
c1c[n+](C2CCCCCCC2)cn1C1CCCCCCC1,0.1487164019596473,0.0618731435231484,1.0
Cc1n(C)cc[n+]1CCC[n+]1ccn(C)c1C,0.13859722528472518,0.06099468946068237,2.0
C[NH+](C)CCCCC[NH+](C)C,0.13038519668129803,0.059416086091768044,2.0
C[N+]1(C)CCC(CCCC2CC[N+](C)(C)CC2)CC1,0.1429046707686743,0.06156010213612071,2.0
C[N+]1(CCCCCC[N+]2(C)CCCCCC2)CCCCCC1,0.15394655420851286,0.062165392440227674,1.0
C[N+](C)(C)CCCCCCC[N+](C)(C)C,0.14495278176390344,0.060663714369007166,1.0
C(CCCC[N+]12CCC(CC1)CC2)CCC[N+]12CCC(CC1)CC2,0.15035234882637805,0.06247511683083057,2.0
C(CC[N+]12CCC(CC1)NC2)CC[N+]12CCC(CC1)NC2,0.14488350412415532,0.06194433390304468,2.0
C(CCC[N+]12CCC(CC1)CN2)CC[N+]12CCC(CC1)CN2,0.1467173622174486,0.062137779711138874,2.0
C[N+]1(CCCCC[N+]2(C)CCCC2)CCCCC1,0.14775702362420212,0.06133703161111471,1.0
Nc1ccccc1N,0.11461073946219892,0.05777973916805423,2.0
C[N+]1(C)CCC2(CC1)OC[C@H](c1ccccc1)O2,0.1424518483517093,0.06123589208303377,1.0
CC[N+](C)(C)CCCC[N+](C)(C)CC,0.1355209214979246,0.060385130578499424,2.0
C(CCCC[N+]12CCN(CC1)CC2)CCC[N+]12CCN(CC1)CC2,0.15041679135298294,0.06249959598089689,2.0
OCCN(CCO)CCO,0.12073819965970618,0.059117357458223,3.0
C[N+](C)(C)CCCCCCCCCCC[N+](C)(C)C,0.15317925105525498,0.06162206870884807,1.0
c1cc(C[N+]23CCC(CC2)CC3)ccc1C[N+]12CCC(CC1)CC2,0.14562409668472284,0.06237369627930775,2.0
CC[N+]1(CC)C[C@@H]2C3C=CC([C@H]2C1)[C@H]1C[N+](CC)(CC)C[C@H]31,0.14265656539141613,0.06208363638928033,2.0
CC[N+]1(CC)C[C@H]2C3C=CC([C@@H]2C1)[C@H]1C[N+](CC)(CC)C[C@@H]31,0.14824440932243738,0.06208363638928033,1.0
CC[N+]1(CC)C[C@H]2C3C=CC([C@@H]4C[N+](CC)(CC)C[C@H]34)[C@H]2C1,0.14215953482438126,0.06208363638928033,2.0
CC[N+]1(CC)C[C@H]2[C@H]3C=C[C@H]([C@@H]4C[N+](CC)(CC)C[C@@H]43)[C@H]2C1,0.1421593551729697,0.06208363638928033,2.0
OC[C@H](O)[C@@H](O)[C@H](O)CO,0.1296752325474173,0.05919892202745081,1.0
C[C@H]1C[C@H](C)C[N+](C)(C)C1,0.12787284371328944,0.058919797017806495,1.0
C[N+]1(C)C[C@@H]2[C@H](C1)[C@H]1[C@H]2[C@@H]2C=C[C@H]1[C@H]1C[N+](C)(C)C[C@H]21,0.1451414459191609,0.06165142170205584,1.0
C[N+]1(C)C[C@H]2[C@H]3C=C[C@H]([C@@H]4[C@@H]5C[N+](C)(C)C[C@@H]5[C@H]34)[C@H]2C1,0.143885517763432,0.06165142170205584,1.0
C[N+]1(C)C[C@@H]2[C@@H](C1)[C@H]1[C@H]2[C@@H]2C=C[C@H]1[C@H]1C[N+](C)(C)C[C@@H]21,0.14510848809456822,0.06165142170205584,1.0
C[N+]1(C)C[C@@H]2[C@@H](C1)[C@@H]1C=C[C@H]2[C@H]2[C@H]3C[N+](C)(C)C[C@H]3[C@H]12,0.14487698006674157,0.06165142170205584,1.0
C[N+]1(C)C[C@H]2[C@@H]3[C@H]([C@@H]4C=C[C@H]3[C@H]3C[N+](C)(C)C[C@H]43)[C@H]2C1,0.14487693970682397,0.06165142170205584,1.0
C[N+]1(C)C[C@H]2[C@@H]3C=C[C@H]([C@H]2C1)[C@H]1[C@@H]2C[N+](C)(C)C[C@@H]2[C@@H]31,0.14484211129703953,0.06165142170205584,1.0
C[N+]1(C)C[C@H]2[C@H]3C=C[C@H]([C@H]4[C@H]3[C@H]3C[N+](C)(C)C[C@H]43)[C@H]2C1,0.14510835608367273,0.06165142170205584,1.0
C[N+]1(C)C[C@@H]2[C@H]3C=C[C@H]([C@@H]4[C@H]5C[N+](C)(C)C[C@@H]5[C@H]34)[C@H]2C1,0.14468341139753893,0.06165142170205584,1.0
C[N+]1(C)C[C@@H]2[C@@H](C1)[C@H]1[C@@H]2[C@H]2C=C[C@@H]1[C@H]1C[N+](C)(C)C[C@H]21,0.1389280381712882,0.06165142170205584,2.0
C[N+]1(C)C[C@@H]2[C@@H](C1)[C@@H]1[C@H]3C=C[C@H]([C@H]4C[N+](C)(C)C[C@H]43)[C@@H]21,0.14515569467946196,0.06165142170205584,1.0
C[N+]1(C)C[C@H]2[C@@H]3C=C[C@H]([C@H]2C1)[C@@H]1[C@H]3[C@@H]2C[N+](C)(C)C[C@@H]21,0.14378369157685322,0.06165142170205584,1.0
C[N+]1(C)C[C@H]2[C@H]3C=C[C@@H]([C@@H]2C1)[C@@H]1[C@@H]2C[N+](C)(C)C[C@@H]2[C@@H]31,0.14481770635256183,0.06165142170205584,1.0
C[N+]1(C)C[C@H]2[C@H]3C=C[C@@H]([C@@H]2C1)[C@H]1[C@H]3[C@H]2C[N+](C)(C)C[C@H]12,0.1455292515116306,0.06165142170205584,1.0
C[N+]1(C)C[C@@H]2[C@@H](C1)[C@@H]1C=C[C@H]2[C@H]2[C@@H]3C[N+](C)(C)C[C@H]3[C@@H]12,0.14468337459551991,0.06165142170205584,1.0
C[N+]1(C)C[C@H]2[C@H]3[C@H]4C=C[C@H]([C@H]5C[N+](C)(C)C[C@H]45)[C@H]3[C@H]2C1,0.13823782592325987,0.06165142170205584,2.0
C[N+]1(C)C[C@H]2[C@H]3[C@@H]4C=C[C@H]([C@@H]3[C@H]2C1)[C@H]1C[N+](C)(C)C[C@@H]41,0.14497955184126277,0.06165142170205584,1.0
C[N+]1(C)C[C@H]2[C@H]3C=C[C@@H]([C@@H]2C1)[C@H]1[C@@H]2C[N+](C)(C)C[C@@H]2[C@@H]31,0.14462722803138797,0.06165142170205584,1.0
C[N+]1(C)C[C@@H]2[C@@H](C1)[C@@H]1C=C[C@H]2[C@@H]2[C@H]1[C@H]1C[N+](C)(C)C[C@@H]12,0.13892811880576136,0.06165142170205584,2.0
C[N+]1(C)C[C@@H]2[C@@H](C1)[C@@H]1[C@@H]3C=C[C@H]([C@H]21)[C@H]1C[N+](C)(C)C[C@@H]31,0.1385918600362403,0.06165142170205584,2.0
C[N+]1(C)C[C@@H]2[C@H](C1)[C@@H]1[C@@H]3C=C[C@@H]([C@H]4C[N+](C)(C)C[C@H]34)[C@@H]21,0.14481773415492777,0.06165142170205584,1.0
C[N+]1(C)C[C@H]2[C@H]3C=C[C@@H]([C@H]2C1)[C@H]1[C@@H]2C[N+](C)(C)C[C@@H]2[C@H]31,0.13871944421339996,0.06165142170205584,2.0
C[N+]1(C)C[C@@H]2[C@H](C1)[C@H]1[C@@H]3C=C[C@H]([C@@H]21)[C@H]1C[N+](C)(C)C[C@H]31,0.14462724095831284,0.06165142170205584,1.0
C[N+]1(C)C[C@@H]2[C@H](C1)[C@@H]1[C@H]2[C@@H]2C=C[C@H]1[C@H]1C[N+](C)(C)C[C@@H]21,0.14446152034256954,0.06165142170205584,1.0
C[N+]1(C)C[C@@H]2[C@H](C1)[C@@H]1[C@H]2[C@@H]2C=C[C@H]1[C@H]1C[N+](C)(C)C[C@H]21,0.14497115920778172,0.06165142170205584,1.0
C[N+]1(C)C[C@H]2[C@H]3C=C[C@H]([C@@H]4[C@H]5C[N+](C)(C)C[C@@H]5[C@H]34)[C@H]2C1,0.13859176154176725,0.06165142170205584,2.0
C[N+]1(C)C[C@H]2[C@@H]3C=C[C@H]([C@H]2C1)[C@@H]1[C@H]3[C@H]2C[N+](C)(C)C[C@@H]21,0.14461494178768267,0.06165142170205584,1.0
C[N+]1(C)C[C@@H]2[C@@H](C1)[C@@H]1C=C[C@H]2[C@H]2[C@@H]3C[N+](C)(C)C[C@H]3[C@H]12,0.14560434954766524,0.06165142170205584,1.0
C[N+]1(C)C[C@H]2[C@@H]3[C@@H]([C@H]2C1)[C@H]1C=C[C@@H]3[C@H]2C[N+](C)(C)C[C@H]12,0.14536213027486655,0.06165142170205584,1.0
C[N+]1(C)C[C@H]2[C@H]3C=C[C@@H]([C@H]2C1)[C@H]1[C@H]2C[N+](C)(C)C[C@H]2[C@H]31,0.14497958776453118,0.06165142170205584,1.0
C[N+]1(C)C[C@@H]2[C@@H](C1)[C@@H]1C=C[C@H]2[C@H]2[C@@H]3C[N+](C)(C)C[C@@H]3[C@@H]12,0.14497108098246733,0.06165142170205584,1.0
C[N+]1(C)C[C@H]2[C@@H]3C=C[C@@H]([C@H]4[C@H]3[C@H]3C[N+](C)(C)C[C@H]43)[C@H]2C1,0.14515559214355528,0.06165142170205584,1.0
C[N+]1(C)C[C@H]2[C@H]3C=C[C@@H]([C@H]2C1)[C@@H]1[C@H]3[C@H]2C[N+](C)(C)C[C@@H]21,0.14483024389432503,0.06165142170205584,1.0
C[N+]1(C)C[C@@H]2[C@@H](C1)[C@@H]1C=C[C@H]2[C@@H]2[C@H]1[C@@H]1C[N+](C)(C)C[C@@H]12,0.13823781476702193,0.06165142170205584,2.0
C[N+]1(C)C[C@H]2[C@@H]3[C@H]([C@@H]4C=C[C@H]3[C@@H]3C[N+](C)(C)C[C@H]43)[C@H]2C1,0.1445930365866919,0.06165142170205584,1.0
C[N+]1(C)C[C@@H]2[C@H](C1)[C@H]1[C@@H]3C=C[C@@H]([C@H]4C[N+](C)(C)C[C@@H]34)[C@@H]21,0.1443316065993455,0.06165142170205584,1.0
C[N+]1(C)C[C@@H]2[C@@H](C1)[C@H]1[C@@H]2[C@H]2C=C[C@@H]1[C@H]1C[N+](C)(C)C[C@@H]21,0.1446150300874118,0.06165142170205584,1.0
C[N+]1(C)C[C@@H]2[C@@H]3[C@H]([C@H]4C=C[C@@H]3[C@H]3C[N+](C)(C)C[C@H]43)[C@H]2C1,0.14560439696246352,0.06165142170205584,1.0
C[N+]1(C)C[C@H]2[C@@H]3[C@H]([C@@H]4C=C[C@H]3[C@H]3C[N+](C)(C)C[C@@H]43)[C@H]2C1,0.13871930877369937,0.06165142170205584,2.0
C[N+]1(C)C[C@@H]2[C@H](C1)[C@H]1C=C[C@@H]2[C@H]2[C@@H]3C[N+](C)(C)C[C@@H]3[C@H]12,0.14459305700193956,0.06165142170205584,1.0
C[N+]1(C)C[C@@H]2[C@@H](C1)[C@H]1[C@H]2[C@@H]2C=C[C@H]1[C@H]1C[N+](C)(C)C[C@H]21,0.1455291273970875,0.06165142170205584,1.0
C(CCC[N+]12CCN(CC1)CC2)CC[N+]12CCN(CC1)CC2,0.14686345715559052,0.062137779711138874,2.0
CCC[N@+]1(C)CC[C@H](CCC[C@H]2CC[N@+](C)(CCC)CC2)CC1,0.15450583679283977,0.06234903853291216,1.0
CCC[N@+]1(C)CC[C@@H](CCC[C@H]2CC[N@+](C)(CCC)CC2)CC1,0.15560532986519693,0.06234903853291216,1.0
CCC[N+]1(C)CCC(CCCC2CC[N+](C)(CCC)CC2)CC1,0.14860009830086307,0.06234903853291216,2.0
NCCO,0.10523476861215503,0.05540507155512905,1.0
c1c[n+](C2CCCCCC2)cn1C1CCCCCC1,0.14600195336753305,0.06144938712828168,1.0
C(CCC[N+]12CCC(CC1)CC2)CC[N+]12CCC(CC1)CC2,0.1468117891343438,0.06211106744060794,2.0
CCC[N@+]1(C)CC[C@@H]([N+]2(C)CCCC2)CC1,0.14135545282404083,0.06085141363018059,1.0
CC(C)C[N+]1(C)C[C@@H]2CCCCCC[C@H]2C1,0.1410768447158145,0.060814601207065035,1.0
CC(C)C[N+]1(C)C[C@H]2CCCCCC[C@@H]2C1,0.14107688210456742,0.060814601207065035,1.0
C[N+]1(CCCCC[N+]2(C)CCCCCC2)CCCCCC1,0.15234943311378507,0.06197325731621,1.0
CC[N+](C)(C)CCCCC[N+](C)(C)CC,0.14396788005782551,0.060663714369007166,1.0
CC[C@H](C)C[N+]1(C)CCC(CCCC2CC[N+](C)(C[C@H](C)CC)CC2)CC1,0.15903941299726354,0.06301186912010502,1.0
C[N+]1(C2CC3CC([N+]4(C)CCCCC4)CC3C2)CCCCC1,0.14934005635059297,0.06211106744060794,1.0
C[N+](C)(C)CCCC[N+](C)(C)C,0.1315495367281817,0.05976480829131935,2.0
C[C@@H]1C[N+]2(CCCCCC[N+]34CCN(CC3)[C@H](C)C4)CCN1CC2,0.15538420789180823,0.06249959598089689,1.0
c1ccc2c(c1)C[N+]1(CC[C@@H]3CCCC[C@H]3C1)C2,0.14262934933078755,0.06113490695026,1.0
c1ccc2c(c1)C[N+]1(CC[C@H]3CCCC[C@@H]3C1)C2,0.1365871687132178,0.06113490695026,2.0
c1ccc2c(c1)C[N+]1(CC[C@@H]3CCCC[C@@H]3C1)C2,0.13621393584508898,0.06113490695026,2.0
C(CC[N+]12CCC(CC1)CC2)C[N+]12CCC(CC1)CC2,0.1426432648317444,0.06171205170086982,2.0
Cc1n(C)cc[n+]1Cc1ccc(C[n+]2ccn(C)c2C)cc1,0.1493598177928638,0.061971504573802995,1.0
C[N+](C)(C)CCCCCCCCCC[N+](C)(C)C,0.14495815774714446,0.061402387324398254,2.0
C[N+](C)(C)CCC[N+](C)(C)CCC[N+](C)(C)C,0.14680397205776036,0.06120425116824343,1.0
C[N+]1(CCC[N+]2(C)CCCC2)CCCC1,0.13518972639383775,0.06058553019918594,2.0
C[N@+]1(Cc2ccccc2)CC[C@H]([C@H]2CC[N@+](C)(Cc3ccccc3)CC2)CC1,0.15678800052842762,0.06298886302990375,1.0
C[N+](C)(CC1CCCCC1)CC1CCCCC1,0.1379239646862008,0.061066653588612234,2.0
C[N+]1(CCCCCC[N+]2(C)CCCC2)CCCC1,0.14268200133658948,0.06133703161111471,2.0
c1c[n+](C2CCCCC2)cn1C1CCCCC1,0.13757529305572735,0.06097748192534121,2.0
C[C@@H](CC[C@@H](C)[N+]1(C)CCCCC1)[N+]1(C)CCCCC1,0.14857701206666332,0.061771810153746394,1.0
C[C@H](CC[C@@H](C)[N+]1(C)CCCCC1)[N+]1(C)CCCCC1,0.14880020782388054,0.061771810153746394,1.0
C[C@@H](CC[C@H](C)[N+]1(C)CCCCC1)[N+]1(C)CCCCC1,0.14875335672084203,0.061771810153746394,1.0
C[C@H]1C[C@@H](C)C[N+]2(CC[N+]3(CC2)C[C@H](C)C[C@@H](C)C3)C1,0.1466001250666978,0.06174203830170936,1.0
C(CC[N+]12CCC(CC1)CC2)CC[N+]12CCC(CC1)CC2,0.15074836151068943,0.06191634498153759,1.0
C[N@+]1(CCCC[N@@+]2(C)[C@H]3CCC[C@@H]2CC3)[C@H]2CCC[C@@H]1CC2,0.14443922538188728,0.06211106744060794,2.0
Cn1cc[n+](CCCCCCn2cc[n+](C)c2)c1,0.14788300635134577,0.061236360767532576,1.0
C[N+](C)(C)C1CC23CCCC2(C1)CC([N+](C)(C)C)C3,0.14446231571889928,0.06152876900076313,1.0
CCCCNC,0.1171256476398511,0.05688323499815936,1.0
C[N+](C)(C)C1CC2CC([N+](C)(C)C)CC2C1,0.13544849006422255,0.06085141363018059,2.0
C[N+]1(CCCCC[N+]2(C)CCCCC2)CCCCC1,0.149311647053148,0.06156010213612071,1.0
C[N+]1(CCCCCC[N+]2(C)CCCCC2)CCCCC1,0.14554804600393279,0.061771810153746394,2.0
Cc1n(CCCCCCCC[n+]2ccn(C)c2C)cc[n+]1C,0.1544455544940634,0.06208309028692225,1.0
C[N@+]12CCCC[C@@H]1[C@H]1C[C@H](C2)[C@H]2CCCCN2C1,0.1418409888945923,0.061253865066678126,1.0
C[N@@+]12CCCC[C@H]1[C@@H]1C[C@@H](C2)[C@@H]2CCCCN2C1,0.14184102516038968,0.061253865066678126,1.0
C[N@+]12CCCC[C@@H]1[C@H]1C[C@H](C2)[C@@H]2CCCCN2C1,0.14132729632041066,0.061253865066678126,1.0
C[N@+]12CCCC[C@H]1[C@H]1C[C@@H](C2)[C@@H]2CCCCN2C1,0.14090541487465014,0.061253865066678126,1.0
C[N@@+]12CCCC[C@H]1[C@H]1C[C@H](C2)[C@@H]2CCCCN2C1,0.14167163419792303,0.061253865066678126,1.0
C[N@@+]12CCCC[C@H]1[C@@H]1C[C@@H](C2)[C@H]2CCCCN2C1,0.1413272796490239,0.061253865066678126,1.0
C[N@+]12CCCC[C@@H]1[C@@H]1C[C@@H](C2)[C@H]2CCCCN2C1,0.1419201920781134,0.061253865066678126,1.0
C[N@+]12CCCC[C@H]1[C@@H]1C[C@@H](C2)[C@H]2CCCCN2C1,0.14157770877190182,0.061253865066678126,1.0
C[N@+]12CCCC[C@H]1[C@H]1C[C@H](C2)[C@@H]2CCCCN2C1,0.1418324028936228,0.061253865066678126,1.0
C[N@@+]12CCCC[C@@H]1[C@H]1C[C@H](C2)[C@@H]2CCCCN2C1,0.14157765352739823,0.061253865066678126,1.0
C[N@+]12CCCC[C@@H]1[C@@H]1C[C@H](C2)[C@H]2CCCCN2C1,0.14115080146182463,0.061253865066678126,1.0
CCCCn1cc[n+](CCCCCC[n+]2ccn(CCC)c2)c1,0.15646160092472858,0.06227032683858055,1.0
NCCCCCCCCCN,0.13588119857427136,0.05936347310741896,1.0
Cc1n(CCCCCCCCCC[n+]2ccn(C)c2C)cc[n+]1C,0.15171918040633975,0.06244949267767095,2.0
Cc1n(C)cc[n+]1Cc1cccc(C[n+]2ccn(C)c2C)c1,0.1433944515015157,0.061971504573802995,2.0
C[N+]1(CCCCC[N+]2(C)[C@H]3CCC[C@@H]2CC3)[C@H]2CCC[C@@H]1CC2,0.15254940207665202,0.062297075845589134,1.0
C[N+](C)(C)Cc1ccc(C[N+](C)(C)C)cc1,0.13585033707249694,0.060776712177264096,2.0
CC(C)n1cc[n+](CCCCCCn2cc[n+](C(C)C)c2)c1,0.14924327388405123,0.06208309028692225,2.0
NCCNCCNCCN,0.13275052355077246,0.05903427423081814,1.0
C[N+](C)(C)CCCCCC[N+](C)(C)C,0.1368730541509553,0.060385130578499424,2.0
C[C@@H]1C[N+]2(CCCCC[N+]3(C)CCCCC3)CCC1CC2,0.15139331777276313,0.06194489853906438,1.0
CCCN,0.10567880257347949,0.05526864777719593,1.0
C[N@+]12CCCC[C@@H]1C[C@H]1C[C@@H]2C[C@H]2CCCC[N@+]12C,0.13682915012859903,0.06149719791235799,2.0
C[N+](C)(C)CCCCCCCC[N+](C)(C)C,0.14124297374738806,0.060924796429888795,2.0
C[N+]1(CCCCC[N+]2(C)CCCC2)CCCC1,0.14042377679843648,0.061101309394221516,2.0
C[C@H]1C[N@+]2(CCCCC2)CC[N@@+]12CCCCC2,0.1412604208819081,0.061066304869999775,1.0
C[C@@H]1C[N@+]2(CCCCC2)CC[N@@+]12CCCCC2,0.1406981143104482,0.061066304869999775,1.0
C[N+](C)(C)CCCCC[N+](C)(C)C,0.1401081008830649,0.06008652890916649,1.0
CC(C)[N@+]1(C)CC[C@@H](CCC[C@H]2CC[N@+](C)(C(C)C)CC2)CC1,0.1543548111307643,0.06234903853291216,1.0
CC(C)[N+]1(C)CCC(CCCC2CC[N+](C)(C(C)C)CC2)CC1,0.14852019730121538,0.06234903853291216,2.0
C[N+](C)(C)CCCCCCCCCCCCCC[N+](C)(C)C,0.1509936876214162,0.06221901669025426,2.0
O[C@H]1CC2CC[N+]1(Cc1ccccc1)CC2,0.1384644410687079,0.06070018683059142,1.0
CC[N@+]1(C)CC[C@@H](CCC[C@H]2CC[N@+](C)(CC)CC2)CC1,0.1455573643283429,0.06197325731621,2.0
CC[N@+]1(C)CC[C@H](CCC[C@H]2CC[N@@+](C)(CC)CC2)CC1,0.145881473532239,0.06197325731621,2.0
CC[N@+]1(C)CC[C@H](CCC[C@H]2CC[N@+](C)(CC)CC2)CC1,0.15167059848582595,0.06197325731621,1.0
CC[N+]1(C)CCC(CCCC2CC[N+](C)(CC)CC2)CC1,0.14612957073796515,0.06197325731621,2.0
OC[C@@H]1CCCN1Cc1ccccc1,0.1358446661622851,0.06015037250543955,1.0
C[C@@H]1C[N+]2(CCCCCCCC[N+]34CCN(CC3)[C@H](C)C4)CCN1CC2,0.15879461711513818,0.06283242805716353,1.0
C[C@H]1C[N+]2(CCCCCCCC[N+]34CCN(CC3)[C@H](C)C4)CCN1CC2,0.1529582975997855,0.06283242805716353,2.0
C[C@H]1C[N+]2(CCCCCCCC[N+]34CCN(CC3)[C@@H](C)C4)CCN1CC2,0.15278677742094843,0.06283242805716353,2.0
C[N+]1(CCCC[N+]2(C)CCCCC2)CCCCC1,0.14106765584561132,0.06133703161111471,2.0
C[C@@H]1C[N+]2(CCCC[N+]3(C)CCCCC3)CCC1CC2,0.14927834228373735,0.06174203830170936,1.0
C[C@H]1C[N+]2(CCCC[N+]3(C)CCCCC3)CCC1CC2,0.14927747031213634,0.06174203830170936,1.0
NCCCCCCCCN,0.1321638491836272,0.058977717837426114,1.0
CC[N+]1(CC)C[C@H]2C3C=CC([C@@H]2C1)[C@H]1C[N+](CC)(CC)C[C@H]31,0.14852099586577322,0.06208363638928033,1.0
CC[N+]1(CC)C[C@H]2C3C=CC([C@H]2C1)[C@H]1C[N+](CC)(CC)C[C@@H]31,0.1480146858505259,0.06208363638928033,1.0
CC[N+]1(CC)C[C@H]2C3C=CC([C@H]2C1)[C@H]1C[N+](CC)(CC)C[C@H]31,0.14824443952686178,0.06208363638928033,1.0
CC[N+]1(CC)C[C@H]2C3C=CC([C@@H]2C1)[C@@H]1C[N+](CC)(CC)C[C@@H]31,0.14265657862608278,0.06208363638928033,2.0
CC[N@+]12CCCC[C@@H]1C[C@@H]1C[C@H]2C[C@@H]2CCCCN21,0.14279643073261727,0.06148132200094667,1.0
CC[N@@+]12CCCC[C@H]1C[C@@H]1C[C@H]2C[C@H]2CCCCN21,0.14268435943612673,0.06148132200094667,1.0
CC[N+](CC)(CC)CCCCC[N+](CC)(CC)CC,0.14397649906945761,0.06162206870884807,2.0
C[N@+]12CCCC[C@@H]1C[C@H]1C[C@@H]2C[C@@H]2CCCC[N@+]21C,0.14248052239294928,0.06149719791235799,1.0
C[N@+]12CCCC[C@H]1C[C@H]1C[C@@H]2C[C@@H]2CCCC[N@@+]21C,0.13632855311873793,0.06149719791235799,2.0
C[N@+]12CCCC[C@H]1C[C@H]1C[C@@H]2C[C@@H]2CCCC[N@+]21C,0.14222997671773482,0.06149719791235799,1.0
C[N@+]12CCCC[C@@H]1C[C@H]1C[C@@H]2C[C@H]2CCCC[N@@+]12C,0.14262785256635965,0.06149719791235799,1.0
C[N@+]12CCCC[C@H]1C[C@H]1C[C@@H]2C[C@H]2CCCC[N@+]12C,0.14234531572670084,0.06149719791235799,1.0
C[N@@+]12CCCC[C@H]1C[C@H]1C[C@@H]2C[C@@H]2CCCC[N@+]21C,0.1365573031396395,0.06149719791235799,2.0
CC[N+](CC)(CC)CCCC[N+](CC)(CC)CC,0.14166326915646094,0.061402387324398254,2.0
C[N+]1(C)C2CCCC1CCC2,0.12179771196739773,0.05925674538373383,2.0
C[N+]1(C)C[C@H]2[C@@H]3C=C[C@@H]([C@@H]4[C@@H]5C[N+](C)(C)C[C@@H]5[C@H]43)[C@H]2C1,0.1445509461085358,0.06165142170205584,1.0
C[N+]1(C)C[C@@H]2[C@H](C1)[C@H]1C=C[C@@H]2[C@@H]2[C@H]1[C@H]1C[N+](C)(C)C[C@@H]12,0.144146660453538,0.06165142170205584,1.0
C[N+]1(C)C[C@@H]2[C@H]3C=C[C@@H]([C@H]2C1)[C@@H]1[C@H]3[C@H]2C[N+](C)(C)C[C@@H]21,0.1447931083969381,0.06165142170205584,1.0
C[N+]1(C)C[C@H]2[C@H]3C=C[C@@H]([C@@H]2C1)[C@@H]1[C@H]3[C@@H]2C[N+](C)(C)C[C@@H]21,0.14391533143973248,0.06165142170205584,1.0
CCCN(CCC)CCCCCN(CCC)CCC,0.15080470986818192,0.06159120087854538,1.0
c1ccc(C[N+]2(Cc3ccccc3)CCCCCC2)cc1,0.14740837890318698,0.06174107483874588,1.0
C1CNCCNCCCNCCNC1,0.13855885727067158,0.06034268209259328,1.0
CCCC[N@+]1(C2CCCCCCC2)CC[C@@H](C)C1,0.14481105368484706,0.06130429371951629,1.0
CCCC[N@@+]1(C2CCCCCCC2)CC[C@H](C)C1,0.1445953717491426,0.06130429371951629,1.0
CCCCCCNCCCCCC,0.14038143046913015,0.06001969388341671,1.0
CC[N+](CC)(CC)CCC[N+](CC)(CC)CC,0.1389180848676303,0.061170446431126214,2.0
Cc1c(C)[n+](C)c(C)n1CCCCCn1c(C)c(C)[n+](C)c1C,0.14848522552350235,0.06227032683858055,2.0
Cc1n(C)cc[n+]1Cc1ccccc1C[n+]1ccn(C)c1C,0.14283967047184454,0.061971504573802995,2.0
C[N+]12CCCCC1C[C@H]1C[C@@H]2CC2CCCC[N+]21C,0.13632855655065476,0.06149719791235799,2.0
C1COCCOCCOCCOCCOCCOCCO1,0.15175043454726095,0.06213585233694385,1.0
C[C@H]1CCC[N@+]2(Cc3ccccc3C[N@+]3(CCC[C@H](C)C3)C2)C1,0.1489566877752223,0.062217893326694584,1.0
C[C@@H]1CCC[N@+]2(Cc3ccccc3C[N@+]3(CCC[C@@H](C)C3)C2)C1,0.1481326362434384,0.062217893326694584,1.0
C[C@H]1CCC[N@@+]2(Cc3ccccc3C[N@+]3(CCC[C@H](C)C3)C2)C1,0.14786519223507916,0.062217893326694584,1.0
C[C@H]1CCC[N@+]2(Cc3ccccc3C[N@+]3(CCC[C@@H](C)C3)C2)C1,0.1487413551768847,0.062217893326694584,1.0
C[C@@H]1CCC[N@@+]2(Cc3ccccc3C[N@+]3(CCC[C@@H](C)C3)C2)C1,0.14862419561844878,0.062217893326694584,1.0
C[C@H]1CCC[N@@+]2(Cc3ccccc3C[N@+]3(CCC[C@@H](C)C3)C2)C1,0.14852773337087802,0.062217893326694584,1.0
C[C@@H]1CCC[N@@+]2(Cc3ccccc3C[N@@+]3(CCC[C@@H](C)C3)C2)C1,0.14846914693098132,0.062217893326694584,1.0
C[C@H]1CCC[N@+]2(Cc3ccccc3C[N@@+]3(CCC[C@@H](C)C3)C2)C1,0.14801080890772533,0.062217893326694584,1.0
C[C@H]1CCC[N@@+]2(Cc3ccccc3C[N@@+]3(CCC[C@H](C)C3)C2)C1,0.14813264081776079,0.062217893326694584,1.0
C[N+]1(C)C[C@H]2[C@H]3C=C[C@@H]([C@@H]2C1)[C@H]1[C@H]3[C@@H]2C[N+](C)(C)C[C@@H]21,0.14514145996700645,0.06165142170205584,1.0
C[N+]1(C)C[C@H]2[C@H]3C=C[C@@H]([C@H]2C1)[C@@H]1[C@H]3[C@@H]2C[N+](C)(C)C[C@@H]21,0.144088692238561,0.06165142170205584,1.0
C[N+]1(C)C[C@H]2[C@H]3C=C[C@@H]([C@@H]2C1)[C@H]1[C@@H]2C[N+](C)(C)C[C@H]2[C@@H]31,0.14479316070838705,0.06165142170205584,1.0
C[N+]1(C)C[C@@H]2[C@H](C1)[C@H]1C=C[C@@H]2[C@H]2[C@@H]3C[N+](C)(C)C[C@@H]3[C@@H]12,0.14429827979980253,0.06165142170205584,1.0
C[N+]1(C)C[C@H]2[C@H]3C=C[C@@H]([C@@H]2C1)[C@@H]1[C@H]3[C@H]2C[N+](C)(C)C[C@@H]21,0.14506879729612196,0.06165142170205584,1.0
C[N+]1(C)C[C@@H]2[C@@H](C1)[C@H]1[C@@H]2[C@@H]2C=C[C@H]1[C@H]1C[N+](C)(C)C[C@H]21,0.14506873019219038,0.06165142170205584,1.0
C[N+]1(C)C[C@@H]2[C@@H](C1)[C@H]1[C@@H]2[C@@H]2C=C[C@H]1[C@H]1C[N+](C)(C)C[C@@H]21,0.1448301653136817,0.06165142170205584,1.0
C[N+]1(C)C[C@@H]2[C@@H](C1)[C@@H]1C=C[C@H]2[C@H]2[C@@H]3C[N+](C)(C)C[C@@H]3[C@H]12,0.1453621835067777,0.06165142170205584,1.0
CN1CCCN(C)CCN(C)CCCN(C)CC1,0.14492741880832757,0.06136918949095616,1.0
CCCCN(CCCC)CCCC,0.12941814236573143,0.06001969388341671,3.0
C[N+](C)(C)[C@H]1C[C@@]23CCCC[C@]2(C1)C[C@H]([N+](C)(C)C)C3,0.13963947581826008,0.06174203830170936,2.0
C[N+](C)(C)C1CC23CCCCC2(C1)CC([N+](C)(C)C)C3,0.13963946419688328,0.06174203830170936,2.0
C[N+](C)(C)[C@H]1C[C@]23CCCC[C@@]2(C1)C[C@H]([N+](C)(C)C)C3,0.14569398969044045,0.06174203830170936,1.0
C[N+](C)(C)[C@H]1C[C@@]23CCCC[C@]2(C1)C[C@@H]([N+](C)(C)C)C3,0.1457309324837817,0.06174203830170936,1.0
C[N@+]12CC[C@H](CCC[C@H]3CC[N@+](C)(CC3)Cc3ccc(cc3)C1)CC2,0.1500215388949404,0.0625730905399225,1.0
C[N+]12CCC(CCCC3CC[N+](C)(CC3)Cc3ccc(cc3)C1)CC2,0.15001193507825442,0.0625730905399225,1.0
CCCC[N@@+]1(C2CCCCCCC2)CC[C@@H](C)C1,0.14480561433271483,0.06130429371951629,1.0
CCCC[N@+]1(C2CCCCCCC2)CC[C@H](C)C1,0.1450283880886318,0.06130429371951629,1.0
C[N+]1(C)Cc2c3c(c4c(c2C1)C[N+](C)(C)C4)C[N+](C)(C)C3,0.1479173804241409,0.06185835446503912,1.0
C[C@H]1C[C@H](C)C[N+]2(CC[N+]3(CC2)C[C@H](C)C[C@@H](C)C3)C1,0.14631132521263893,0.06174203830170936,1.0
C[C@@H]1C[C@@H](C)C[N+]2(CC[N+]3(CC2)C[C@H](C)C[C@@H](C)C3)C1,0.14056099560400662,0.06174203830170936,2.0
C[C@H]1C[C@H](C)C[N+]2(CC[N+]3(CC2)C[C@@H](C)C[C@@H](C)C3)C1,0.1466000281171599,0.06174203830170936,1.0
C[C@H]1C[C@H](C)C[N+]2(CC[N+]3(CC2)C[C@@H](C)C[C@H](C)C3)C1,0.14056122822075198,0.06174203830170936,2.0
C[C@H]1C[C@@H](C)C[N+]2(CC[N+]3(CC2)C[C@@H](C)C[C@@H](C)C3)C1,0.1468714848918547,0.06174203830170936,1.0
C[N@@+]1(Cc2ccccc2)CCC2(CC[N@@+](C)(Cc3ccccc3)C2)C1,0.14552312240477808,0.06249904011128111,2.0
C[N@+]1(Cc2ccccc2)CCC2(CC[N@+](C)(Cc3ccccc3)C2)C1,0.149748536275513,0.06249904011128111,1.0
C[N@@+]1(Cc2ccccc2)CCC2(CC[N@+](C)(Cc3ccccc3)C2)C1,0.14940589491106157,0.06249904011128111,1.0
C[N+]1(CCCC[N+]2(C)[C@H]3CCC[C@@H]2CC3)[C@H]2CCC[C@@H]1CC2,0.14443928946705883,0.06211106744060794,2.0
Cc1c(C)[n+](CCCCCC[n+]2c(C)c(C)n(C)c2C)c(C)n1C,0.15581924344096262,0.06244949267767095,1.0
C[N@+]12CCCCCC[N@@+]3(C)CC[C@@H](CCC[C@H](CC1)CC2)CC3,0.1499057147449714,0.062323138376192515,1.0
C[N+](C)(C)CCCCCCCCC[N+](C)(C)C,0.14898876908828199,0.061170446431126214,1.0
C[N@@+]1(Cc2ccccc2)CCCC[C@@H]1CCC[C@@H]1CCCC[N@+]1(C)Cc1ccccc1,0.16145611159345746,0.06342700833745564,1.0
C1COCCN2CCOCCOCCN(CCO1)CCOCCOCC2,0.15282132785152625,0.06296562953889719,1.0
CN(C)[P+](CCCC[P+](N(C)C)(N(C)C)N(C)C)(N(C)C)N(C)C,0.14898928412778256,0.06303161459610794,2.0
C[C@H]1CCC[N@@+]2(Cc3ccccc3C[N@@+]3(CCC[C@@H](C)C3)C2)C1,0.1483395327582383,0.062217893326694584,1.0
C(CCN1CCOCCOCCOCCOCC1)CCN1CCOCCOCCOCCOCC1,0.16596844461147311,0.06420024208523518,1.0
C[N+]1(CCCCCC[N+]2(C)[C@H]3CCC[C@@H]2CC3)[C@H]2CCC[C@@H]1CC2,0.154577861434938,0.06247511683083057,1.0
Cc1c(C)[n+](CCCCCCCCCC[n+]2c(C)c(C)n(C)c2C)c(C)n1C,0.15616237446036105,0.06309767005681861,2.0
CC[N+](CC)(CC)CCCCCC[N+](CC)(CC)CC,0.14617806007842407,0.0618307217626678,2.0
C[N+]1(CC2CCCCC2)CCC(CCCC2CC[N+](C)(CC3CCCCC3)CC2)CC1,0.1636412399225273,0.06354485542116708,1.0
C[C@H]1CCC[N@@+](Cc2ccccc2)(C[N@@+]2(Cc3ccccc3)CCC[C@@H](C)C2)C1,0.15421062031464733,0.06314010076528152,1.0
C[C@H]1CCC[N@+](Cc2ccccc2)(C[N@@+]2(Cc3ccccc3)CCC[C@@H](C)C2)C1,0.15405853074817866,0.06314010076528152,1.0
C[C@H]1CCC[N@+](Cc2ccccc2)(C[N@+]2(Cc3ccccc3)CCC[C@@H](C)C2)C1,0.15552109647872014,0.06314010076528152,1.0
C[C@@H]1CCC[N@+](Cc2ccccc2)(C[N@+]2(Cc3ccccc3)CCC[C@@H](C)C2)C1,0.15521128733856912,0.06314010076528152,1.0
C[C@H]1CCC[N@@+](Cc2ccccc2)(C[N@+]2(Cc3ccccc3)CCC[C@H](C)C2)C1,0.15450570293097993,0.06314010076528152,1.0
C[C@H]1CCC[N@+](Cc2ccccc2)(C[N@@+]2(Cc3ccccc3)CCC[C@H](C)C2)C1,0.15539977916913114,0.06314010076528152,1.0
C[C@@H]1CCC[N@+](Cc2ccccc2)(C[N@@+]2(Cc3ccccc3)CCC[C@@H](C)C2)C1,0.15442771473488884,0.06314010076528152,1.0
C[C@H]1CCC[N@@+](Cc2ccccc2)(C[N@+]2(Cc3ccccc3)CCC[C@@H](C)C2)C1,0.1551462787566363,0.06314010076528152,1.0
C[C@@H]1CCC[N@@+](Cc2ccccc2)(C[N@+]2(Cc3ccccc3)CCC[C@@H](C)C2)C1,0.14988763739465968,0.06314010076528152,2.0
C[C@H]1CCC[N@+](Cc2ccccc2)(C[N@+]2(Cc3ccccc3)CCC[C@H](C)C2)C1,0.1543502019420267,0.06314010076528152,1.0
CCC[N@+]1(C)CC[C@H](CCC[C@H]2CC[N@@+](C)(CCC)CC2)CC1,0.1551212858596143,0.06234903853291216,1.0
CCCCCCC[N@+]1(C)CC[C@H](CCC[C@H]2CC[N@+](C)(CCCCCCC)CC2)CC1,0.1640209695983939,0.06358340692342786,1.0
CCCCCCC[N@+]1(C)CC[C@H](CCC[C@H]2CC[N@@+](C)(CCCCCCC)CC2)CC1,0.16555606301624165,0.06358340692342786,1.0
CCCCCCC[N@+]1(C)CC[C@@H](CCC[C@H]2CC[N@+](C)(CCCCCCC)CC2)CC1,0.16662276343527205,0.06358340692342786,1.0
CCCCCCC[N+]1(C)CCC(CCCC2CC[N+](C)(CCCCCCC)CC2)CC1,0.1584332170655841,0.06358340692342786,2.0
CC[N+]1(CC)C[C@H]2[C@H](C1)C1C(C)=CC2(C)[C@H]2C[N+](CC)(CC)C[C@H]12,0.15041329697968112,0.06244999271153051,1.0
CC[N+]1(CC)C[C@H]2C3C(C)=CC(C)([C@H]2C1)[C@@H]1C[N+](CC)(CC)C[C@H]31,0.14982807570621745,0.06244999271153051,1.0
CC[N+]1(CC)C[C@H]2[C@H](C1)C1C(C)=CC2(C)[C@@H]2C[N+](CC)(CC)C[C@@H]12,0.1504946331760005,0.06244999271153051,1.0
CC[N+]1(CC)C[C@@H]2C3C(C)=CC(C)([C@@H]2C1)[C@@H]1C[N+](CC)(CC)C[C@H]31,0.14999110861987153,0.06244999271153051,1.0
CC[N+]1(CC)C[C@H]2C3C(C)=CC(C)([C@H]2C1)[C@H]1C[N+](CC)(CC)C[C@@H]31,0.14999116483800434,0.06244999271153051,1.0
CC[N+]1(CC)C[C@H]2C3C(C)=CC(C)([C@H]2C1)[C@H]1C[N+](CC)(CC)C[C@H]31,0.15019618598539292,0.06244999271153051,1.0
CC[N+]1(CC)C[C@H]2[C@H](C1)C1C(C)=CC2(C)[C@@H]2C[N+](CC)(CC)C[C@H]12,0.15018819945896716,0.06244999271153051,1.0
CC[N+]1(CC)C[C@H]2C3C(C)=CC(C)([C@@H]2C1)[C@@H]1C[N+](CC)(CC)C[C@H]31,0.1501961709878632,0.06244999271153051,1.0
CC[N+]1(CC)C[C@@H]2[C@H](C1)[C@]1(C)C=C(C)[C@H]2[C@H]2C[N+](CC)(CC)C[C@H]21,0.14982807244405866,0.06244999271153051,1.0
CC[N+]1(CC)C[C@H]2C3C(C)=CC(C)([C@H]2C1)[C@@H]1C[N+](CC)(CC)C[C@@H]31,0.1501881963684224,0.06244999271153051,1.0
CC[N+]1(CC)C[C@H]2C3C(C)=CC(C)([C@@H]2C1)[C@@H]1C[N+](CC)(CC)C[C@@H]31,0.15041325331797414,0.06244999271153051,1.0
C[N+]1(Cc2ccccc2)CCC(CCCC2CC[N+](C)(Cc3ccccc3)CC2)CC1,0.1625379882109342,0.06342700833745564,1.0
CCC[N+]1(CCC)CCC([N+]2(CCC)CCCC2)CC1,0.1480816122376445,0.061771810153746394,1.0
CC[C@@H](C)C[N+]1(C)CCC(CCCC2CC[N+](C)(C[C@H](C)CC)CC2)CC1,0.1594187147352608,0.06301186912010502,1.0
C[C@H]1C[N+]2(CCCC[N+]34CCN(CC3)[C@H](C)C4)CCN1CC2,0.15148362182352348,0.062137779711138874,1.0
C[C@@H]1C[N+]2(CCCC[N+]34CCN(CC3)[C@H](C)C4)CCN1CC2,0.14576634385716872,0.062137779711138874,2.0
C[C@H]1C[N+]2(CCCC[N+]34CCN(CC3)[C@@H](C)C4)CCN1CC2,0.14573685570412398,0.062137779711138874,2.0
C[C@H]1C[N+]2(CCCCCC[N+]34CCN(CC3)[C@H](C)C4)CCN1CC2,0.15547816785918644,0.06249959598089689,1.0
C[C@H]1C[N+]2(CCCCCC[N+]34CCN(CC3)[C@@H](C)C4)CCN1CC2,0.1497268403474477,0.06249959598089689,2.0
C[N@+]12CC[C@@H](CCC[C@H]3CC[N@+](C)(CC3)Cc3ccc(cc3)C1)CC2,0.15002281092818961,0.0625730905399225,1.0
C[N@+]1(Cc2ccccc2)CC[C@@H]([C@H]2CC[N@@+](C)(Cc3ccccc3)CC2)CC1,0.15668637767773758,0.06298886302990375,1.0
C[N@+]1(Cc2ccccc2)CC[C@@H]([C@H]2CC[N@+](C)(Cc3ccccc3)CC2)CC1,0.15718667948991447,0.06298886302990375,1.0
C[N+]1(Cc2ccccc2)CCC(C2CC[N+](C)(Cc3ccccc3)CC2)CC1,0.1521656764081271,0.06298886302990375,2.0
CC[N+](C)(CC)CCCCCC[N+](C)(CC)CC,0.14971779142714017,0.061402387324398254,1.0
C[N+](C)(C)CCC(CC[N+](C)(C)C)CC[N+](C)(C)C,0.1415271736839913,0.06165240616583709,3.0
c1c[n+]([C@]23C[C@H]4C[C@H](C[C@H](C4)C2)C3)cn1[C@]12C[C@H]3C[C@H](C[C@H](C3)C1)C2,0.1448295857230834,0.06251147381088305,2.0
c1c[n+](C23CC4CC(CC(C4)C2)C3)cn1C12CC3CC(CC(C3)C1)C2,0.1448295503070231,0.06251147381088305,2.0
C[C@H]1C[N@@+]2(CCCC[N@+]34CCN(C[C@@H]3C)[C@H](C)C4)CCN1C[C@@H]2C,0.15328609988521616,0.06249959598089689,1.0
C[C@H]1CN2CC[N@@+]1(CCCC[N@+]13CCN(C[C@H]1C)[C@H](C)C3)C[C@H]2C,0.1531096220446467,0.06249959598089689,1.0
C[C@H]1C[N@@+]2(CCCC[N@+]34CCN(C[C@@H]3C)[C@H](C)C4)CCN1C[C@H]2C,0.15325990877896808,0.06249959598089689,1.0
C[C@H]1C[N@@+]2(CCCC[N@@+]34CCN(C[C@@H]3C)[C@H](C)C4)CCN1C[C@H]2C,0.15317133934858726,0.06249959598089689,1.0
C[C@H]1C[N@@+]2(CCCC[N@+]34CCN(C[C@H]3C)[C@@H](C)C4)CCN1C[C@H]2C,0.14736974771920616,0.06249959598089689,2.0
C[C@H]1C[N@+]2(CCCC[N@@+]34CCN(C[C@H]3C)[C@@H](C)C4)CCN1C[C@H]2C,0.14747716550291443,0.06249959598089689,2.0
C[C@H]1C[N@@+]2(CCCC[N@@+]34CCN(C[C@@H]3C)[C@H](C)C4)CCN1C[C@@H]2C,0.1532539998443244,0.06249959598089689,1.0
C[C@H]1C[N@+]2(CCCC[N@+]34CCN(C[C@H]3C)[C@H](C)C4)CCN1C[C@@H]2C,0.15301626991956963,0.06249959598089689,1.0
C[C@H]1CN2CC[N@@+]1(CCCC[N@@+]13CCN(C[C@@H]1C)[C@H](C)C3)C[C@H]2C,0.1473691942739658,0.06249959598089689,2.0
C[C@H]1CN2CC[N@@+]1(CCCC[N@+]13CCN(C[C@@H]1C)[C@H](C)C3)C[C@H]2C,0.15323273732227866,0.06249959598089689,1.0
C[C@H]1CN2CC[N@@+]1(CCCC[N@@+]13CCN(C[C@H]1C)[C@H](C)C3)C[C@H]2C,0.1532728506571994,0.06249959598089689,1.0
C[C@H]1C[N@+]2(CCCC[N@+]34CCN(C[C@H]3C)[C@H](C)C4)CCN1C[C@H]2C,0.15313663095884605,0.06249959598089689,1.0
C[C@H]1C[N@+]2(CCCC[N@@+]34CCN(C[C@@H]3C)[C@@H](C)C4)CCN1C[C@@H]2C,0.14719970221853462,0.06249959598089689,2.0
C[C@H]1C[N@@+]2(CCCC[N@@+]34CCN(C[C@H]3C)[C@@H](C)C4)CCN1C[C@@H]2C,0.15329395184561256,0.06249959598089689,1.0
C[C@H]1C[N@@+]2(CCCC[N@+]34CCN(C[C@@H]3C)[C@@H](C)C4)CCN1C[C@@H]2C,0.1475668243777509,0.06249959598089689,2.0
C[C@H]1C[N@+]2(CCCC[N@+]34CCN(C[C@@H]3C)[C@@H](C)C4)CCN1C[C@@H]2C,0.1531440425076618,0.06249959598089689,1.0
C[C@H]1C[N@@+]2(CCCC[N@+]34CCN(C[C@H]3C)[C@H](C)C4)CCN1C[C@@H]2C,0.1532246657593394,0.06249959598089689,1.0
C[C@@H]1C[N@+]2(CCCC[N@@+]34CCN(C[C@H]3C)[C@H](C)C4)CCN1C[C@H]2C,0.14756674722436836,0.06249959598089689,2.0
C[C@H]1C[N@@+]2(CCCC[N@+]34CCN(C[C@H]3C)[C@H](C)C4)CCN1C[C@H]2C,0.15303302126831467,0.06249959598089689,1.0
C[C@H]1C[N@@+]2(CCCC[N@@+]34CCN(C[C@H]3C)[C@H](C)C4)CCN1C[C@H]2C,0.15325365867184398,0.06249959598089689,1.0
C[C@H]1C[N@+]2(CCCC[N@@+]34CCN(C[C@@H]3C)[C@H](C)C4)CCN1C[C@@H]2C,0.15303307875626315,0.06249959598089689,1.0
C[C@H]1C[N@@+]2(CCCC[N@+]34CCN(C[C@H]3C)[C@@H](C)C4)CCN1C[C@@H]2C,0.15327299043111153,0.06249959598089689,1.0
C[C@H]1C[N@@+]2(CCCC[N@@+]34CCN(C[C@H]3C)[C@H](C)C4)CCN1C[C@@H]2C,0.1533185848122227,0.06249959598089689,1.0
C[C@H]1CN2CC[N@+]1(CCCC[N@@+]13CCN(C[C@H]1C)[C@H](C)C3)C[C@H]2C,0.1532939991054914,0.06249959598089689,1.0
C[C@H]1CN2CC[N@+]1(CCCC[N@+]13CCN(C[C@H]1C)[C@H](C)C3)C[C@H]2C,0.15319935862728207,0.06249959598089689,1.0
C[C@H]1C[N@+]2(CCCC[N@+]34CCN(C[C@@H]3C)[C@H](C)C4)CCN1C[C@@H]2C,0.15313708964400644,0.06249959598089689,1.0
C[C@@H]1C[N@@+]2(CCCC[N@+]34CCN(C[C@H]3C)[C@H](C)C4)CCN1C[C@H]2C,0.14719974722983464,0.06249959598089689,2.0
C[C@H]1C[N@+]2(CCCC[N@@+]34CCN(C[C@@H]3C)[C@H](C)C4)CCN1C[C@H]2C,0.15325997231901983,0.06249959598089689,1.0
C[C@H]1CN2CC[N@+]1(CCCC[N@+]13CCN(C[C@@H]1C)[C@H](C)C3)C[C@H]2C,0.14747700473153216,0.06249959598089689,2.0
C[C@H]1C[N@+]2(CCCC[N@+]34CCN(C[C@H]3C)[C@@H](C)C4)CCN1C[C@@H]2C,0.15310942704164987,0.06249959598089689,1.0
C[C@H]1C[N@+]2(CCCC[N@@+]34CCN(C[C@H]3C)[C@H](C)C4)CCN1C[C@@H]2C,0.15322449247729278,0.06249959598089689,1.0
C[C@H]1C[N@+]2(CCCC[N@@+]34CCN(C[C@H]3C)[C@H](C)C4)CCN1C[C@H]2C,0.1532862874782571,0.06249959598089689,1.0
C[C@H]1C[N@+]2(CCCC[N@+]34CCN(C[C@H]3C)[C@@H](C)C4)CCN1C[C@H]2C,0.1532325495751979,0.06249959598089689,1.0
C[C@H]1C[N@+]2(CCCC[N@+]34CCN(C[C@@H]3C)[C@H](C)C4)CCN1C[C@H]2C,0.15325724388289347,0.06249959598089689,1.0
C[C@H]1C[N@+]2(CCCC[N@@+]34CCN(C[C@H]3C)[C@@H](C)C4)CCN1C[C@@H]2C,0.15319938191220045,0.06249959598089689,1.0
C[C@@H]1C[N@+]2(CCCC[N@+]34CCN(C[C@H]3C)[C@H](C)C4)CCN1C[C@H]2C,0.1531441794145953,0.06249959598089689,1.0
C[C@H]1C[N+]2(CCCCC[N+]3(C)CCCCC3)CCC1CC2,0.15139314877143129,0.06194489853906438,1.0
C[N+]12CCCCCC[N+]3(C)CCC(CCCC(CC1)CC2)CC3,0.14990571263275262,0.062323138376192515,1.0
Cc1c(C)[n+](CCCCCCCC[n+]2c(C)c(C)n(C)c2C)c(C)n1C,0.15926019706858008,0.06278620121557778,1.0
CC(C)[N@+]1(C)CC[C@@H](CCC[C@H]2CC[N@@+](C)(C(C)C)CC2)CC1,0.15391533694744997,0.06234903853291216,1.0
CC(C)[N@+]1(C)CC[C@H](CCC[C@H]2CC[N@@+](C)(C(C)C)CC2)CC1,0.15394992472807792,0.06234903853291216,1.0
C(CCN1CCOCCOCCOCCOCC1)CN1CCOCCOCCOCCOCC1,0.16417902645993965,0.06408352983895428,1.0
C[N@@+]1(Cc2ccccc2)CCCC[C@H]1CCC[C@H]1CCCC[N@@+]1(C)Cc1ccccc1,0.16161325367727575,0.06342700833745564,1.0
C[N@+]1(Cc2ccccc2)CCCC[C@@H]1CCC[C@H]1CCCC[N@+]1(C)Cc1ccccc1,0.15584424184831616,0.06342700833745564,2.0
C[N@@+]1(Cc2ccccc2)CCCC[C@H]1CCC[C@@H]1CCCC[N@@+]1(C)Cc1ccccc1,0.15340869378478955,0.06342700833745564,2.0
C[N@@+]1(Cc2ccccc2)CCCC[C@H]1CCC[C@H]1CCCC[N@+]1(C)Cc1ccccc1,0.15852662302727347,0.06342700833745564,1.0
C[N@+]1(Cc2ccccc2)CC[C@@H](CCC[C@H]2CC[N@@+](C)(Cc3ccccc3)CC2)CC1,0.16211881548391965,0.06342700833745564,1.0
CC[C@H](C)C[N+]1(C)CCC(CCCC2CC[N+](C)(C[C@@H](C)CC)CC2)CC1,0.15918149952990499,0.06301186912010502,1.0
C[N@@+]1(Cc2ccccc2)CCCC[C@@H]1CCC[C@H]1CCCC[N@+]1(C)Cc1ccccc1,0.16162489291256787,0.06342700833745564,1.0
Cc1n(Cc2cc(Cn3cc[n+](C)c3C)cc(Cn3cc[n+](C)c3C)c2)cc[n+]1C,0.1598453844867473,0.06327489170299333,1.0
C[N@+]1(Cc2ccccc2)CC[C@H](CCC[C@H]2CC[N@@+](C)(Cc3ccccc3)CC2)CC1,0.16189886803811437,0.06342700833745564,1.0
C[N@+]1(Cc2ccccc2)CC[C@H](CCC[C@H]2CC[N@+](C)(Cc3ccccc3)CC2)CC1,0.16266328700958554,0.06342700833745564,1.0
C[N@+]1(Cc2ccccc2)CCCC[C@H]1CCC[C@@H]1CCCC[N@+]1(C)Cc1ccccc1,0.15568841204969702,0.06342700833745564,2.0
C[N@@+]1(Cc2ccccc2)CCCC[C@@H]1CCC[C@H]1CCCC[N@@+]1(C)Cc1ccccc1,0.15567419273492572,0.06342700833745564,2.0
C[N@@+]1(Cc2ccccc2)CCCC[C@H]1CCC[C@@H]1CCCC[N@+]1(C)Cc1ccccc1,0.16017508839869088,0.06342700833745564,1.0
C[N@+]1(Cc2ccccc2)CCCC[C@H]1CCC[C@H]1CCCC[N@+]1(C)Cc1ccccc1,0.16159000906835275,0.06342700833745564,1.0
